token_id,speaker,tu_id,unit,id,span,form,lemma,upos,jefferson_feats
0-0,BO117,0,0,1,okay.,okay,ok,INTJ,Intonation=falling
1-0,BO117,1,1,0,{tossisce},{tossisce},_,X,_
2-0,BO117,2,2,1,dunque,dunque,dunque,ADV,_
2-1,BO117,2,2,2,lei,lei,lei,PRON,_
2-2,BO117,2,2,3,su,su,su,ADP,_
2-3,BO117,2,2,4,quali,quali,quale,PRON,_
2-4,BO117,2,2,5,manuali,manuali,manuale,NOUN,_
2-5,BO117,2,2,6,si,si,si,PRON,_
2-6,BO117,2,2,7,è,è,essere,AUX,_
2-7,BO117,2,2,8,preparata,preparata,preparare,VERB,_
2-8,BO117,2,2,9,da,da,da,ADP,_
2-9,BO117,2,2,10,non,non,non,ADV,_
2-10,BO117,2,2,11,frequentante?,frequentante,frequentare,ADJ,Intonation=rising
3-0,BO142,3,3,1,su,su,su,ADP,_
3-1,BO142,3,3,2,"bianchi,",bianchi,Bianchi,PROPN,Intonation=weakly_rising
3-2,BO142,3,3,3,andorno,andorno,Andorno,PROPN,_
3-3,BO142,3,3,4,"e::mh,",emh,emh,INTJ,Intonation=weakly_rising
4-0,BO142,4,4,1,e:,e,e,CCONJ,_
4-1,BO142,4,4,2,poi,poi,poi,ADV,_
4-2,BO142,4,4,3,penco,penco,Penco,PROPN,_
4-3,BO142,4,4,4,e:::,e,e,CCONJ,_
4-4,BO142,4,4,5,"domaneschi,",domaneschi,Domaneschi,PROPN,Intonation=weakly_rising
5-0,BO117,5,5,1,mhmh.,mhmh,mhmh,INTJ,Intonation=falling
6-0,BO142,6,6,1,e,e,e,CCONJ,_
6-1,BO142,6,6,2,voghera.,voghera,Voghera,PROPN,Intonation=falling
7-0,BO117,7,7,1,va,va,andare,VERB,_
7-1,BO117,7,7,2,bene.,bene,bene,ADV,Intonation=falling
8-0,BO117,8,8,1,e::h,eh,eh,INTJ,_
8-1,BO117,8,8,2,{P},{P},_,_,_
8-2,BO117,8,8,3,partiamo,partiamo,partire,VERB,_
8-3,BO117,8,8,4,da,da,da,ADP,_
8-4,BO117,8,8,5,"voghera,",voghera,Voghera,PROPN,Intonation=weakly_rising
9-0,BO117,9,9,1,eh,eh,eh,INTJ,_
9-1,BO117,9,9,2,cosa,cosa,cosa,NOUN,_
9-2,BO117,9,9,3,si,si,si,PRON,_
9-3,BO117,9,9,4,intende,intende,intendere,VERB,_
9-4,BO117,9,9,5,per,per,per,ADP,_
9-5,BO117,9,9,6,correlati,correlati,correlato,NOUN,_
9-6,BO117,9,9,7,funzionali,funzionali,funzionale,ADJ,_
9-7,BO117,9,9,8,{P},{P},_,_,_
9-8,BO117,9,9,9-10,del,del,_,_,_
9-8a,_,_,9,9,_,di,di,ADP,_
9-8b,_,_,9,10,_,il,il,DET,_
9-9,BO117,9,9,11,parlato?,parlato,parlato,NOUN,Intonation=rising
10-0,BO142,10,10,1,mh.,mh,mh,INTJ,Intonation=falling
11-0,BO142,11,11,1,si,si,si,PRON,_
11-1,BO142,11,11,2,intendono,intendono,intendere,VERB,_
11-2,BO142,11,11,3,tutte,tutte,tutto,DET,_
11-3,BO142,11,11,4,quelle,quelle,quelle,DET,_
11-4,BO142,11,11,5,caratteristiche,caratteristiche,caratteristica,NOUN,_
11-5,BO142,11,11,6,che,che,che,PRON,_
11-6,BO142,11,11,7,e::hm,ehm,ehm,INTJ,_
11-7,BO142,11,11,8,contraddistinguono,contraddistinguono,contraddistinguere,VERB,_
11-8,BO142,11,11,9,il,il,il,DET,_
11-9,BO142,11,11,10,"parlato,",parlato,parlato,NOUN,Intonation=weakly_rising
12-0,BO142,12,12,1,rispetto,rispetto,rispetto,ADV,_
12-1,BO142,12,12,2-3,allo,allo,_,_,_
12-1a,_,_,12,2,_,a,a,ADP,_
12-1b,_,_,12,3,_,lo,il,DET,_
12-2,BO142,12,12,4,scritto,scritto,scritto,NOUN,_
12-3,BO142,12,12,5,ovvero,ovvero,ovvero,CCONJ,_
12-4,BO142,12,12,6,il,il,il,DET,_
12-5,BO142,12,12,7,fatto,fatto,fatto,NOUN,_
12-6,BO142,12,12,8,che,che,che,SCONJ,_
12-7,BO142,12,12,9,sia,sia,essere,AUX,_
12-8,BO142,12,12,10,"un:,",un,uno,DET,Intonation=weakly_rising
13-0,BO142,13,13,1,e:h,eh,eh,INTJ,_
13-1,BO142,13,13,2,cor~,cor~,cor~,X,Interrupted=Yes
13-2,BO142,13,13,3,"un:,",un,uno,DET,Intonation=weakly_rising
14-0,BO142,14,14,1,"e::hm::,",ehm,ehm,INTJ,Intonation=weakly_rising
15-0,BO142,15,15,1,metodo,metodo,metodo,NOUN,_
15-1,BO142,15,15,2,dinamico,dinamico,dinamico,ADJ,_
15-2,BO142,15,15,3,eh,eh,eh,INTJ,_
15-3,BO142,15,15,4,di,di,di,ADP,_
15-4,BO142,15,15,5-6,esprimersi,esprimersi,_,_,_
15-4a,_,_,15,5,_,esprimer,esprimere,VERB,_
15-4b,_,_,15,6,_,si,si,PRON,_
15-5,BO142,15,15,7,il,il,il,DET,_
15-6,BO142,15,15,8,fatto,fatto,fatto,NOUN,_
15-7,BO142,15,15,9,che:,che,che,SCONJ,_
15-8,BO142,15,15,10,"sia,",sia,essere,AUX,Intonation=weakly_rising
16-0,BO142,16,16,1,comunque,comunque,comunque,ADV,_
16-1,BO142,16,16,2,"e::hm::,",ehm,ehm,INTJ,Intonation=weakly_rising
17-0,BO142,17,17,1,ehm,ehm,ehm,INTJ,_
17-1,BO142,17,17,2,{P},{P},_,_,_
17-2,BO142,17,17,3,diciamo,diciamo,dire,VERB,_
17-3,BO142,17,17,4,m:h,mh,mh,INTJ,_
17-4,BO142,17,17,5,non,non,non,ADV,_
17-5,BO142,17,17,6,imprimibile,imprimibile,imprimibile,ADJ,_
17-6,BO142,17,17,7,su,su,su,ADP,_
17-7,BO142,17,17,8,un:,un,uno,DET,_
17-8,BO142,17,17,9,"supporto:,",supporto,supporto,NOUN,Intonation=weakly_rising
18-0,BO142,18,18,1,"fisico,",fisico,fisico,ADJ,Intonation=weakly_rising
19-0,BO142,19,19,1,e,e,e,CCONJ,_
19-1,BO142,19,19,2,il,il,il,DET,_
19-2,BO142,19,19,3,fatto,fatto,fatto,NOUN,_
19-3,BO142,19,19,4,che,che,che,SCONJ,_
19-4,BO142,19,19,5,e::h,eh,eh,INTJ,_
19-5,BO142,19,19,6,segua,segua,seguire,VERB,_
19-6,BO142,19,19,7,che,che,che,SCONJ,_
19-7,BO142,19,19,8,sia,sia,essere,AUX,_
19-8,BO142,19,19,9,più,più,più,ADV,_
19-9,BO142,19,19,10,diciamo,diciamo,dire,VERB,_
19-10,BO142,19,19,11,disordinato,disordinato,disordinato,ADJ,_
19-11,BO142,19,19,12-13,dello,dello,_,_,_
19-11a,_,_,19,12,_,di,di,ADP,_
19-11b,_,_,19,13,_,lo,il,DET,_
19-12,BO142,19,19,14,"scritto,",scritto,scritto,NOUN,Intonation=weakly_rising
20-0,BO142,20,20,1,e:h,eh,eh,INTJ,_
20-1,BO142,20,20,2,apparentemente,apparentemente,apparentemente,ADV,_
20-2,BO142,20,20,3,perché,perché,perché,ADV,_
20-3,BO142,20,20,4,in,in,in,ADP,_
20-4,BO142,20,20,5,"verità,",verità,verità,NOUN,Intonation=weakly_rising
21-0,BO142,21,21,1,e:h,eh,eh,INTJ,_
21-1,BO142,21,21,2,il,il,il,DET,_
21-2,BO142,21,21,3,parlato,parlato,parlato,NOUN,_
21-3,BO142,21,21,4,<usa,usa,usare,VERB,_
21-4,BO142,21,21,5,comunque>,comunque,comunque,ADV,_
21-5,BO142,21,21,6,molte,molte,molto,DET,_
21-6,BO142,21,21,7,tecniche,tecniche,tecnica,NOUN,_
21-7,BO142,21,21,8,che,che,che,PRON,_
21-8,BO142,21,21,9,anche,anche,anche,ADV,_
21-9,BO142,21,21,10,"se,",se,se,SCONJ,Intonation=weakly_rising
22-0,???,22,22,0,{bussa},{bussa},_,X,_
23-0,BO142,23,23,1,"e:h,",eh,eh,INTJ,Intonation=weakly_rising
24-0,BO117,24,24,1,avanti.,avanti,avanti,ADV,Intonation=falling
25-0,???,25,25,1-2,°scusatemi°.,scusatemi,_,_,Intonation=falling|Volume=low
25-0a,_,_,25,1,_,scusate,scusare,VERB,_
25-0b,_,_,25,2,_,mi,mi,PRON,_
26-0,BO117,26,26,1,perfetto,perfetto,perfetto,ADJ,_
26-1,BO117,26,26,2,grazie,grazie,grazie,INTJ,_
26-2,BO117,26,26,3,mille.,mille,mille,NUM,Intonation=falling
27-0,???,27,27,1,grazie,grazie,grazie,INTJ,_
27-1,???,27,27,2,mille,mille,mille,NUM,_
27-2,???,27,27,3-4,[arrivederc]i.,arrivederci,_,_,Intonation=falling
27-2a,_,_,27,3,_,arriveder,arrivedere,VERB,_
27-2b,_,_,27,4,_,ci,ci,PRON,_
28-0,BO117,28,28,1-2,[arrivederci].,arrivederci,_,_,Intonation=falling
28-0a,_,_,28,1,_,arriveder,arrivedere,VERB,_
28-0b,_,_,28,2,_,ci,ci,PRON,_
29-0,BO142,29,29,1,(sì),sì,sì,ADV,_
29-1,BO142,29,29,2,voghera,voghera,Voghera,PROPN,_
29-2,BO142,29,29,3,sottolinea,sottolinea,sottolineare,VERB,_
29-3,BO142,29,29,4,che,che,che,SCONJ,_
29-4,BO142,29,29,5,e:h,eh,eh,INTJ,_
29-5,BO142,29,29,6,spesso,spesso,spesso,ADV,_
29-6,BO142,29,29,7,il,il,il,DET,_
29-7,BO142,29,29,8,parlato,parlato,parlato,NOUN,_
29-8,BO142,29,29,9,è,è,essere,AUX,_
29-9,BO142,29,29,10,"stato,",stato,essere,AUX,Intonation=weakly_rising
30-0,BO142,30,30,1,snobbato,snobbato,snobbare,VERB,_
30-1,BO142,30,30,2,tra,tra,tra,ADP,_
30-2,BO142,30,30,3,virgolette,virgolette,virgoletta,NOUN,_
30-3,BO142,30,30,4-5,dalla,dalla,_,_,_
30-3a,_,_,30,4,_,da,da,ADP,_
30-3b,_,_,30,5,_,la,il,DET,_
30-4,BO142,30,30,6,concezione,concezione,concezione,NOUN,_
30-5,BO142,30,30,7,"tipica,",tipica,tipico,ADJ,Intonation=weakly_rising
31-0,BO142,31,31,1-2,dallo,dallo,_,_,_
31-0a,_,_,31,1,_,da,da,ADP,_
31-0b,_,_,31,2,_,lo,il,DET,_
31-1,BO142,31,31,3,studio,studio,studio,NOUN,_
31-2,BO142,31,31,4-5,della,della,_,_,_
31-2a,_,_,31,4,_,di,di,ADP,_
31-2b,_,_,31,5,_,la,il,DET,_
31-3,BO142,31,31,6,linguistica,linguistica,linguistica,NOUN,_
31-4,BO142,31,31,7,o,o,o,CCONJ,_
31-5,BO142,31,31,8,"comunque,",comunque,comunque,ADV,Intonation=weakly_rising
32-0,BO142,32,32,1-2,dalla,dalla,_,_,_
32-0a,_,_,32,1,_,da,da,ADP,_
32-0b,_,_,32,2,_,la,il,DET,_
32-1,BO142,32,32,3,sistematizzazione,sistematizzazione,sistematizzazione,NOUN,_
32-2,BO142,32,32,4-5,della,della,_,_,_
32-2a,_,_,32,4,_,di,di,ADP,_
32-2b,_,_,32,5,_,la,il,DET,_
32-3,BO142,32,32,6,m::h,mh,mh,INTJ,_
33-0,BO142,33,33,1,linguistica,linguistica,linguistica,NOUN,_
33-1,BO142,33,33,2,e,e,e,CCONJ,_
33-2,BO142,33,33,3-4,dei,dei,_,_,_
33-2a,_,_,33,3,_,di,di,ADP,_
33-2b,_,_,33,4,_,i,il,DET,_
33-3,BO142,33,33,5,concetti,concetti,concetto,NOUN,_
33-4,BO142,33,33,6,che,che,che,PRON,_
33-5,BO142,33,33,7,la,la,la,PRON,_
33-6,BO142,33,33,8,costituiscono,costituiscono,costituire,VERB,_
33-7,BO142,33,33,9,"perché,",perché,perché,SCONJ,Intonation=weakly_rising
34-0,BO142,34,34,1,come,come,come,ADP,_
34-1,BO142,34,34,2,idea,idea,idea,NOUN,_
34-2,BO142,34,34,3,genera:le,generale,generale,ADJ,_
34-3,BO142,34,34,4,si,si,si,PRON,_
34-4,BO142,34,34,5,è,è,essere,AUX,_
34-5,BO142,34,34,6,par~,par~,par~,X,Interrupted=Yes
34-6,BO142,34,34,7,m::h,mh,mh,INTJ,_
34-7,BO142,34,34,8,si,si,si,PRON,_
34-8,BO142,34,34,9,prende,prende,prendere,VERB,_
34-9,BO142,34,34,10,"come,",come,come,ADP,Intonation=weakly_rising
35-0,BO142,35,35,1,e::h,eh,eh,INTJ,_
35-1,BO142,35,35,2,presupposto,presupposto,presupposto,NOUN,_
35-2,BO142,35,35,3,il,il,il,DET,_
35-3,BO142,35,35,4,fatto,fatto,fatto,NOUN,_
35-4,BO142,35,35,5,"che,",che,che,SCONJ,Intonation=weakly_rising
36-0,BO142,36,36,1,"e:hm:::,",ehm,ehm,INTJ,Intonation=weakly_rising
37-0,BO142,37,37,1,che,che,che,SCONJ,_
37-1,BO142,37,37,2,il:,il,il,DET,_
37-2,BO142,37,37,3,parlato,parlato,parlato,NOUN,_
37-3,BO142,37,37,4,sia,sia,essere,AUX,_
37-4,BO142,37,37,5,una,una,uno,DET,_
37-5,BO142,37,37,6,categoria,categoria,categoria,NOUN,_
37-6,BO142,37,37,7,"di:,",di,di,ADP,Intonation=weakly_rising
38-0,BO142,38,38,1,espressione,espressione,espressione,NOUN,_
38-1,BO142,38,38,2,secondaria,secondaria,secondario,ADJ,_
38-2,BO142,38,38,3,rispetto,rispetto,rispetto,ADV,_
38-3,BO142,38,38,4-5,allo,allo,_,_,_
38-3a,_,_,38,4,_,a,a,ADP,_
38-3b,_,_,38,5,_,lo,il,DET,_
38-4,BO142,38,38,6,scritto,scritto,scritto,NOUN,_
38-5,BO142,38,38,7,"ovvero,",ovvero,ovvero,CCONJ,Intonation=weakly_rising
39-0,BO142,39,39,1,"e::hm,",ehm,ehm,INTJ,Intonation=weakly_rising
40-0,BO142,40,40,1,una,una,uno,DET,_
40-1,BO142,40,40,2,categoria,categoria,categoria,NOUN,_
40-2,BO142,40,40,3,meno,meno,meno,ADV,_
40-3,BO142,40,40,4,e::h,eh,eh,INTJ,_
40-4,BO142,40,40,5,{P},{P},_,_,_
40-5,BO142,40,40,6,degna,degna,degno,ADJ,_
40-6,BO142,40,40,7,di,di,di,ADP,_
40-7,BO142,40,40,8,attenzione.,attenzione,attenzione,NOUN,Intonation=falling
41-0,BO142,41,41,1,e:,e,e,CCONJ,_
41-1,BO142,41,41,2,"quindi,",quindi,quindi,ADV,Intonation=weakly_rising
42-0,BO142,42,42,1,e::h,eh,eh,INTJ,_
42-1,BO142,42,42,2,voghera,voghera,Voghera,PROPN,_
42-2,BO142,42,42,3,>diciamo<,diciamo,dire,VERB,_
42-3,BO142,42,42,4,pone,pone,porre,VERB,_
42-4,BO142,42,42,5,l',l',il,DET,Truncated=Yes
42-5,BO142,42,42,6,attenzione,attenzione,attenzione,NOUN,_
42-6,BO142,42,42,7-8,sul,sul,_,_,_
42-6a,_,_,42,7,_,su,su,ADP,_
42-6b,_,_,42,8,_,il,il,DET,_
42-7,BO142,42,42,9,fatto,fatto,fatto,NOUN,_
42-8,BO142,42,42,10,che,che,che,SCONJ,_
42-9,BO142,42,42,11,le,le,il,DET,_
42-10,BO142,42,42,12,"grammatiche,",grammatiche,grammatica,NOUN,Intonation=weakly_rising
43-0,BO142,43,43,1,diano,diano,dare,VERB,_
43-1,BO142,43,43,2,una:,una,uno,DET,_
43-2,BO142,43,43,3,e::h,eh,eh,INTJ,_
43-3,BO142,43,43,4,un',un',uno,DET,Truncated=Yes
43-4,BO142,43,43,5,immagine,immagine,immagine,NOUN,_
43-5,BO142,43,43,6-7,"della,",della,_,_,Intonation=weakly_rising
43-5a,_,_,43,6,_,di,di,ADP,_
43-5b,_,_,43,7,_,la,il,DET,_
44-0,BO142,44,44,1-2,della,della,_,_,_
44-0a,_,_,44,1,_,di,di,ADP,_
44-0b,_,_,44,2,_,la,il,DET,_
44-1,BO142,44,44,3,lingua,lingua,lingua,NOUN,_
44-2,BO142,44,44,4,che,che,che,PRON,_
44-3,BO142,44,44,5,non,non,non,ADV,_
44-4,BO142,44,44,6,è,è,essere,AUX,_
44-5,BO142,44,44,7,e::hm,ehm,ehm,INTJ,_
44-6,BO142,44,44,8,"veritiera,",veritiera,veritiero,ADJ,Intonation=weakly_rising
45-0,BO142,45,45,1,in,in,in,ADP,_
45-1,BO142,45,45,2,quanto,quanto,quanto,ADV,_
45-2,BO142,45,45,3,e:h,eh,eh,INTJ,_
45-3,BO142,45,45,4,{P},{P},_,_,_
45-4,BO142,45,45,5,formano,formano,formare,VERB,_
45-5,BO142,45,45,6,una,una,uno,DET,_
45-6,BO142,45,45,7,lingua:,lingua,lingua,NOUN,_
45-7,BO142,45,45,8,"decontestualizzata,",decontestualizzata,decontestualizzato,ADJ,Intonation=weakly_rising
46-0,BO142,46,46,1,perché,perché,perché,SCONJ,_
46-1,BO142,46,46,2,prendono,prendono,prendere,VERB,_
46-2,BO142,46,46,3,tutti,tutti,tutti,DET,_
46-3,BO142,46,46,4,esempi:,esempi,esempo,NOUN,_
46-4,BO142,46,46,5,"m:h,",mh,mh,INTJ,Intonation=weakly_rising
47-0,BO142,47,47,1,mh,mh,mh,INTJ,_
47-1,BO142,47,47,2,estrapolati,estrapolati,estrapolare,VERB,_
47-2,BO142,47,47,3,da,da,da,ADP,_
47-3,BO142,47,47,4,una,una,uno,DET,_
47-4,BO142,47,47,5,lingua,lingua,lingua,NOUN,_
47-5,BO142,47,47,6,standard,standard,standard,ADJ,_
47-6,BO142,47,47,7,che,che,che,PRON,_
47-7,BO142,47,47,8,fondamentalmente,fondamentalmente,fondamentalmente,ADV,_
47-8,BO142,47,47,9,nessuno,nessuno,nessuno,PRON,_
47-9,BO142,47,47,10,usa,usa,usare,VERB,_
47-10,BO142,47,47,11-12,alla,alla,_,_,_
47-10a,_,_,47,11,_,a,a,ADP,_
47-10b,_,_,47,12,_,la,il,DET,_
47-11,BO142,47,47,13,"fine,",fine,fine,NOUN,Intonation=weakly_rising
48-0,BO142,48,48,1,e,e,e,CCONJ,_
48-1,BO142,48,48,2,quindi,quindi,quindi,ADV,_
48-2,BO142,48,48,3,"e::hm,",ehm,ehm,INTJ,Intonation=weakly_rising
49-0,BO142,49,49,1,relegano,relegano,relegare,VERB,_
49-1,BO142,49,49,2,il,il,il,DET,_
49-2,BO142,49,49,3,parlato,parlato,parlato,NOUN,_
49-3,BO142,49,49,4,in,in,in,ADP,_
49-4,BO142,49,49,5,una,una,uno,DET,_
49-5,BO142,49,49,6,"m::h,",mh,mh,INTJ,Intonation=weakly_rising
50-0,BO142,50,50,1,posizione,posizione,posizione,NOUN,_
50-1,BO142,50,50,2,e:h,eh,eh,INTJ,_
50-2,BO142,50,50,3,"marginale,",marginale,marginale,ADJ,Intonation=weakly_rising
51-0,BO142,51,51,1,mentre,mentre,mentre,SCONJ,_
51-1,BO142,51,51,2,invece:,invece,invece,ADV,_
51-2,BO142,51,51,3,il,il,il,DET,_
51-3,BO142,51,51,4,parlato,parlato,parlato,NOUN,_
51-4,BO142,51,51,5,anche,anche,anche,ADV,_
51-5,BO142,51,51,6,se,se,se,SCONJ,_
51-6,BO142,51,51,7,apparentemente,apparentemente,apparentemente,ADV,_
51-7,BO142,51,51,8,non,non,non,ADV,_
51-8,BO142,51,51,9,sembra,sembra,sembrare,VERB,_
51-9,BO142,51,51,10,che,che,che,SCONJ,_
51-10,BO142,51,51,11,segua,segua,seguire,VERB,_
51-11,BO142,51,51,12-13,delle,delle,_,_,_
51-11a,_,_,51,12,_,di,di,ADP,_
51-11b,_,_,51,13,_,le,il,DET,_
51-12,BO142,51,51,14,regole,regole,regola,NOUN,_
51-13,BO142,51,51,15,"logiche,",logiche,logico,ADJ,Intonation=weakly_rising
52-0,BO142,52,52,1,segue,segue,seguire,VERB,_
52-1,BO142,52,52,2-3,delle,delle,_,_,_
52-1a,_,_,52,2,_,di,di,ADP,_
52-1b,_,_,52,3,_,le,il,DET,_
52-2,BO142,52,52,4,"e::h,",eh,eh,INTJ,Intonation=weakly_rising
53-0,BO142,53,53,1,e:h,eh,eh,INTJ,_
53-1,BO142,53,53,2,{P},{P},_,_,_
53-2,BO142,53,53,3,"modalità,",modalità,modalità,NOUN,Intonation=weakly_rising
54-0,BO142,54,54,1,ottimali,ottimali,ottimale,ADJ,_
54-1,BO142,54,54,2,per,per,per,ADP,_
54-2,BO142,54,54,3,la,la,il,DET,_
54-3,BO142,54,54,4,sua,sua,suo,DET,_
54-4,BO142,54,54,5,trasmissione,trasmissione,trasmissione,NOUN,_
54-5,BO142,54,54,6,che,che,che,PRON,_
54-6,BO142,54,54,7,non,non,non,ADV,_
54-7,BO142,54,54,8,sono,sono,essere,AUX,_
54-8,BO142,54,54,9,naturalmente,naturalmente,naturalmente,ADV,_
54-9,BO142,54,54,10,quelle,quelle,quello,PRON,_
54-10,BO142,54,54,11-12,dello,dello,_,_,_
54-10a,_,_,54,11,_,di,di,ADP,_
54-10b,_,_,54,12,_,lo,il,DET,_
54-11,BO142,54,54,13,scritto,scritto,scritto,NOUN,_
54-12,BO142,54,54,14,"perché,",perché,perché,SCONJ,Intonation=weakly_rising
55-0,BO142,55,55,1,il,il,il,DET,_
55-1,BO142,55,55,2,canale,canale,canale,NOUN,_
55-2,BO142,55,55,3,è,è,essere,AUX,_
55-3,BO142,55,55,4,diverso.,diverso,diverso,ADJ,Intonation=falling
56-0,BO142,56,56,1,però,però,però,CCONJ,_
56-1,BO142,56,56,2,{P},{P},_,_,_
56-2,BO142,56,56,3,sono,sono,essere,AUX,_
56-3,BO142,56,56,4,le,le,il,DET,_
56-4,BO142,56,56,5,e:h,eh,eh,INTJ,_
56-5,BO142,56,56,6,modalità,modalità,modalità,NOUN,_
56-6,BO142,56,56,7,miglio:ri,migliori,migliore,ADJ,_
56-7,BO142,56,56,8,attraverso,attraverso,attraverso,ADP,_
56-8,BO142,56,56,9,le,le,il,DET,_
56-9,BO142,56,56,10,quali,quali,quale,PRON,_
56-10,BO142,56,56,11,può,può,potere,AUX,_
56-11,BO142,56,56,12,esprimere,esprimere,esprimere,VERB,_
56-12,BO142,56,56,13,e,e,e,CCONJ,_
56-13,BO142,56,56,14,veicolare,veicolare,veicolare,VERB,_
56-14,BO142,56,56,15,i,i,il,DET,_
56-15,BO142,56,56,16,suo~,suo~,suo~,X,Interrupted=Yes
56-16,BO142,56,56,17,i,i,il,DET,_
56-17,BO142,56,56,18,concetti,concetti,concetto,NOUN,_
56-18,BO142,56,56,19,che,che,che,PRON,_
56-19,BO142,56,56,20,vuole.,vuole,volere,VERB,Intonation=falling
57-0,BO142,57,57,1,e::,e,e,CCONJ,_
57-1,BO142,57,57,2,infatti,infatti,infatti,ADV,_
57-2,BO142,57,57,3,vediamo,vediamo,vedere,VERB,_
57-3,BO142,57,57,4,che,che,che,SCONJ,_
57-4,BO142,57,57,5,il,il,il,DET,_
57-5,BO142,57,57,6,"parlato,",parlato,parlato,NOUN,Intonation=weakly_rising
58-0,BO142,58,58,1,<è,è,essere,AUX,_
58-1,BO142,58,58,2,comunque,comunque,comunque,ADV,_
58-2,BO142,58,58,3,una:,una,uno,DET,_
58-3,BO142,58,58,4,"dimensione>,",dimensione,dimensione,NOUN,Intonation=weakly_rising
59-0,BO142,59,59,1,e::hm,ehm,ehm,INTJ,_
59-1,BO142,59,59,2,{P},{P},_,_,_
59-2,BO142,59,59,3,regolata,regolata,regolare,VERB,_
59-3,BO142,59,59,4,in,in,in,ADP,_
59-4,BO142,59,59,5,un,un,uno,DET,_
59-5,BO142,59,59,6,certo,certo,certo,ADJ,_
59-6,BO142,59,59,7,senso,senso,senso,NOUN,_
59-7,BO142,59,59,8,da,da,da,ADP,_
59-8,BO142,59,59,9,regole,regole,regola,NOUN,_
59-9,BO142,59,59,10,anche,anche,anche,ADV,_
59-10,BO142,59,59,11,tacite,tacite,tacito,ADJ,_
59-11,BO142,59,59,12,tra,tra,tra,ADP,_
59-12,BO142,59,59,13,gli,gli,il,DET,_
59-13,BO142,59,59,14,"interlocutori,",interlocutori,interlocutore,NOUN,Intonation=weakly_rising
60-0,BO142,60,60,1,come,come,come,ADP,_
60-1,BO142,60,60,2,ad,ad,a,ADP,_
60-2,BO142,60,60,3,esempio,esempio,esempio,NOUN,_
60-3,BO142,60,60,4,i,i,il,DET,_
60-4,BO142,60,60,5,"turni,",turni,turno,NOUN,Intonation=weakly_rising
61-0,BO142,61,61,1,che,che,che,PRON,_
61-1,BO142,61,61,2,sono,sono,essere,AUX,_
61-2,BO142,61,61,3,le,le,il,DET,_
61-3,BO142,61,61,4,unità,unità,unità,NOUN,_
61-4,BO142,61,61,5,minime,minime,minimo,ADJ,_
61-5,BO142,61,61,6,"e::h,",eh,eh,INTJ,Intonation=weakly_rising
62-0,BO142,62,62,1,le,le,il,DET,_
62-1,BO142,62,62,2,unità,unità,unità,NOUN,_
62-2,BO142,62,62,3,minime,minime,minimo,ADJ,_
62-3,BO142,62,62,4,di,di,di,ADP,_
62-4,BO142,62,62,5,studio,studio,studio,NOUN,_
62-5,BO142,62,62,6,ecc[o,ecco,ecco,ADV,_
62-6,BO142,62,62,7-8,del],del,_,_,_
62-6a,_,_,62,7,_,di,di,ADP,_
62-6b,_,_,62,8,_,il,il,DET,_
62-7,BO142,62,62,9,"parlato,",parlato,parlato,NOUN,Intonation=weakly_rising
63-0,BO117,63,63,1,[mhmh].,mhmh,mhmh,INTJ,Intonation=falling
64-0,BO142,64,64,1,e:h,eh,eh,INTJ,_
64-1,BO142,64,64,2,che,che,che,PRON,_
64-2,BO142,64,64,3,scandiscono,scandiscono,scandire,VERB,_
64-3,BO142,64,64,4,la,la,il,DET,_
64-4,BO142,64,64,5,conversazione,conversazione,conversazione,NOUN,_
64-5,BO142,64,64,6,e,e,e,CCONJ,_
64-6,BO142,64,64,7,il,il,il,DET,_
64-7,BO142,64,64,8,dialogo.,dialogo,dialogo,NOUN,Intonation=falling
65-0,BO142,65,65,1,e,e,e,CCONJ,_
65-1,BO142,65,65,2,che,che,che,PRON,_
65-2,BO142,65,65,3,implicitamente,implicitamente,implicitamente,ADV,_
65-3,BO142,65,65,4,"e::hm,",ehm,ehm,INTJ,Intonation=weakly_rising
66-0,BO142,66,66,1,fanno,fanno,fare,VERB,_
66-1,BO142,66,66,2,sì,sì,sì,ADV,_
66-2,BO142,66,66,3,che,che,che,SCONJ,_
66-3,BO142,66,66,4,gli,gli,il,DET,_
66-4,BO142,66,66,5,utenti,utenti,utente,NOUN,_
66-5,BO142,66,66,6,{P},{P},_,_,_
66-6,BO142,66,66,7,eh,eh,eh,INTJ,_
66-7,BO142,66,66,8,sottostiano,sottostiano,sottostare,VERB,_
66-8,BO142,66,66,9,a,a,a,ADP,_
66-9,BO142,66,66,10-11,delle,delle,_,_,_
66-9a,_,_,66,10,_,di,di,ADP,_
66-9b,_,_,66,11,_,le,il,DET,_
66-10,BO142,66,66,12,regole,regole,regola,NOUN,_
66-11,BO142,66,66,13,"ovvero,",ovvero,ovvero,CCONJ,Intonation=weakly_rising
67-0,BO142,67,67,1,e::h,eh,eh,INTJ,_
67-1,BO142,67,67,2,scandiscon~,scandiscono,scandire,VERB,Interrupted=Yes
67-2,BO142,67,67,3,cioè,cioè,cioè,ADV,_
67-3,BO142,67,67,4,sono,sono,essere,AUX,_
67-4,BO142,67,67,5,scanditi,scanditi,scandire,VERB,_
67-5,BO142,67,67,6,da,da,da,ADP,_
67-6,BO142,67,67,7,"punti:,",punti,punto,NOUN,Intonation=weakly_rising
68-0,BO142,68,68,1,e::h,eh,eh,INTJ,_
68-1,BO142,68,68,2,{P},{P},_,_,_
68-2,BO142,68,68,3,dove,dove,dove,ADV,_
68-3,BO142,68,68,4,è,è,essere,AUX,_
68-4,BO142,68,68,5,possibile,possibile,possibile,ADJ,_
68-5,BO142,68,68,6,cedere,cedere,cedere,VERB,_
68-6,BO142,68,68,7,la,la,il,DET,_
68-7,BO142,68,68,8,"parola,",parola,parola,NOUN,Intonation=weakly_rising
69-0,BO142,69,69,1,"[(e:)],",e,e,CCONJ,Intonation=weakly_rising
70-0,BO117,70,70,1,[e,e,e,CCONJ,_
70-1,BO117,70,70,2,si],si,si,PRON,_
70-2,BO117,70,70,3,chiamano?,chiamano,chiamare,VERB,Intonation=rising
71-0,BO142,71,71,1,[e:h,eh,eh,INTJ,_
71-1,BO142,71,71,2,x]xx,x,x,X,_
71-2,BO142,71,71,3,e::h,eh,eh,INTJ,_
71-3,BO142,71,71,4,x,x,x,X,_
71-4,BO142,71,71,5,"e::hm,",ehm,ehm,INTJ,Intonation=weakly_rising
72-0,BO117,72,72,1,[ti,ti,ti,PRON,_
72-1,BO117,72,72,2,ricordi]?,ricordi,ricordare,VERB,Intonation=rising
73-0,???,73,73,1,{bussa},{bussa},_,_,_
73-1,???,73,73,2,[],x,,-,_
74-0,???,74,74,1,"avanti,",avanti,avanti,ADV,Intonation=weakly_rising
75-0,BO142,75,75,1,(posisc~),posisc~,posisc~,X,Interrupted=Yes
75-1,BO142,75,75,2,no.,no,no,ADV,Intonation=falling
76-0,BO117,76,76,1,punti,punti,punto,NOUN,_
76-1,BO117,76,76,2,di,di,di,ADP,_
76-2,BO117,76,76,3,"rilevanza,",rilevanza,rilevanza,NOUN,Intonation=weakly_rising
77-0,BO142,77,77,1,transizionale.,transizionale,transizionale,ADJ,Intonation=falling
78-0,BO117,78,78,1,[e:::h,eh,eh,INTJ,_
78-1,BO117,78,78,2,{P},{P},_,_,_
78-2,BO117,78,78,3,sì].,sì,sì,INTJ,Intonation=falling
79-0,BO142,79,79,1,[punti,punti,punto,NOUN,_
79-1,BO142,79,79,2,di,di,di,ADP,_
79-2,BO142,79,79,3,rilevanza,rilevanza,rilevanza,NOUN,_
79-3,BO142,79,79,4,tr]ansizionale,transizionale,transizionale,ADJ,_
79-4,BO142,79,79,5,in,in,in,ADP,_
79-5,BO142,79,79,6,cui,cui,cui,PRON,_
79-6,BO142,79,79,7,e:h,eh,eh,INTJ,_
79-7,BO142,79,79,8,"appunto,",appunto,appunto,ADV,Intonation=weakly_rising
80-0,BO142,80,80,1,l',l',il,DET,Truncated=Yes
80-1,BO142,80,80,2,interlocutore,interlocutore,interlocutore,NOUN,_
80-2,BO142,80,80,3,capisce,capisce,capire,VERB,_
80-3,BO142,80,80,4,che,che,che,SCONJ,_
80-4,BO142,80,80,5,potrebbe,potrebbe,potere,AUX,_
80-5,BO142,80,80,6,prendere,prendere,prendere,VERB,_
80-6,BO142,80,80,7,la,la,il,DET,_
80-7,BO142,80,80,8,"paro:la,",parola,parola,NOUN,Intonation=weakly_rising
81-0,BO142,81,81,1,poi,poi,poi,ADV,_
81-1,BO142,81,81,2,{P},{P},_,_,_
81-2,BO142,81,81,3,ci,ci,ci,PRON,_
81-3,BO142,81,81,4,sono,sono,essere,VERB,_
81-4,BO142,81,81,5,{P},{P},_,_,_
81-5,BO142,81,81,6,molte,molte,molto,DET,_
81-6,BO142,81,81,7,altre,altre,altro,ADJ,_
81-7,BO142,81,81,8,regole,regole,regola,NOUN,_
81-8,BO142,81,81,9,come,come,come,ADP,_
81-9,BO142,81,81,10,ad,ad,a,ADP,_
81-10,BO142,81,81,11,"esempio,",esempio,esempio,NOUN,Intonation=weakly_rising
82-0,BO142,82,82,1,l~,la,il,DET,Interrupted=Yes
82-1,BO142,82,82,2,la,la,il,DET,_
82-2,BO142,82,82,3,regola,regola,regola,NOUN,_
82-3,BO142,82,82,4,"che,",che,che,PRON,Intonation=weakly_rising
83-0,BO142,83,83,1,e:::h,eh,eh,INTJ,_
83-1,BO142,83,83,2-3,al,al,_,_,_
83-1a,_,_,83,2,_,a,a,ADP,_
83-1b,_,_,83,3,_,il,il,DET,_
83-2,BO142,83,83,4,primo,primo,primo,ADJ,_
83-3,BO142,83,83,5,punto,punto,punto,NOUN,_
83-4,BO142,83,83,6,di,di,di,ADP,_
83-5,BO142,83,83,7,rilevanza,rilevanza,rilevanza,NOUN,_
83-6,BO142,83,83,8,"transizionale,",transizionale,transizionale,ADJ,Intonation=weakly_rising
84-0,BO142,84,84,1,e::hm,ehm,ehm,INTJ,_
84-1,BO142,84,84,2,il,il,il,DET,_
84-2,BO142,84,84,3,parlante,parlante,parlante,NOUN,_
84-3,BO142,84,84,4,deve,deve,dovere,AUX,_
84-4,BO142,84,84,5,fare,fare,fare,VERB,_
84-5,BO142,84,84,6,in,in,in,ADP,_
84-6,BO142,84,84,7,modo,modo,modo,NOUN,_
84-7,BO142,84,84,8,"di,",di,di,ADP,Intonation=weakly_rising
85-0,BO142,85,85,1,da,da,da,ADP,_
85-1,BO142,85,85,2,e:h,eh,eh,INTJ,_
85-2,BO142,85,85,3,di:,di,di,ADP,_
85-3,BO142,85,85,4,m:h,mh,mh,INTJ,_
85-4,BO142,85,85,5,cedere,cedere,cedere,VERB,_
85-5,BO142,85,85,6,la,la,il,DET,_
85-6,BO142,85,85,7,parola,parola,parola,NOUN,_
85-7,BO142,85,85,8,a,a,a,ADP,_
85-8,BO142,85,85,9,un,un,uno,DET,_
85-9,BO142,85,85,10,altro,altro,altro,ADJ,_
85-10,BO142,85,85,11,"interlocutore,",interlocutore,interlocutore,NOUN,Intonation=weakly_rising
86-0,BO142,86,86,1,che,che,che,SCONJ,_
86-1,BO142,86,86,2,continui,continui,continuare,VERB,_
86-2,BO142,86,86,3,il,il,il,DET,_
86-3,BO142,86,86,4,discorso,discorso,discorso,NOUN,_
86-4,BO142,86,86,5,o,o,o,CCONJ,_
86-5,BO142,86,86,6,comunque,comunque,comunque,ADV,_
86-6,BO142,86,86,7,gli,gli,gli,PRON,_
86-7,BO142,86,86,8,"risponda,",risponda,rispondere,VERB,Intonation=weakly_rising
87-0,BO142,87,87,1,"e::h,",eh,eh,INTJ,Intonation=weakly_rising
88-0,BO142,88,88,1,e,e,e,CCONJ,_
88-1,BO142,88,88,2,poi,poi,poi,ADV,_
88-2,BO142,88,88,3,in,in,in,ADP,_
88-3,BO142,88,88,4,assenza,assenza,assenza,NOUN,_
88-4,BO142,88,88,5,di,di,di,ADP,_
88-5,BO142,88,88,6,un,un,uno,DET,_
88-6,BO142,88,88,7,interlocutore,interlocutore,interlocutore,NOUN,_
88-7,BO142,88,88,8,può,può,potere,AUX,_
88-8,BO142,88,88,9,e::h,eh,eh,INTJ,_
88-9,BO142,88,88,10,una,una,uno,DET,_
88-10,BO142,88,88,11,persona,persona,persona,NOUN,_
88-11,BO142,88,88,12,{P},{P},_,_,_
88-12,BO142,88,88,13,si,si,si,PRON,_
88-13,BO142,88,88,14,"può,",può,potere,AUX,Intonation=weakly_rising
89-0,BO142,89,89,1,eh,eh,eh,INTJ,_
89-1,BO142,89,89,2,f~,f~,f~,,Interrupted=Yes
89-2,BO142,89,89,3,mh,mh,mh,INTJ,_
89-3,BO142,89,89,4,"ehm:,",ehm,ehm,INTJ,Intonation=weakly_rising
90-0,BO142,90,90,1,sì,sì,sì,ADV,_
90-1,BO142,90,90,2,può,può,potere,AUX,_
90-2,BO142,90,90,3,"m::h,",mh,mh,INTJ,Intonation=weakly_rising
91-0,BO142,91,91,1,"diciamo,",diciamo,dire,VERB,Intonation=weakly_rising
92-0,BO142,92,92,1,dire,dire,dire,VERB,_
92-1,BO142,92,92,2,volontaria,volontaria,volontario,NOUN,_
92-2,BO142,92,92,3,per,per,per,ADP,_
92-3,BO142,92,92,4,continuare,continuare,continuare,VERB,_
92-4,BO142,92,92,5,il,il,il,DET,_
92-5,BO142,92,92,6,"discorso,",discorso,discorso,NOUN,Intonation=weakly_rising
93-0,BO142,93,93,1,e:h,eh,eh,INTJ,_
93-1,BO142,93,93,2,oppure,oppure,oppure,CCONJ,_
93-2,BO142,93,93,3,in,in,in,ADP,_
93-3,BO142,93,93,4,assenza,assenza,assenza,NOUN,_
93-4,BO142,93,93,5,sia,sia,sia,CCONJ,_
93-5,BO142,93,93,6,di,di,di,ADP,_
93-6,BO142,93,93,7,un::a,una,uno,DET,_
93-7,BO142,93,93,8,"persona,",persona,persona,NOUN,Intonation=weakly_rising
94-0,BO142,94,94,1,(cui),cui,cui,DET,_
94-1,BO142,94,94,2,{P},{P},_,_,_
94-2,BO142,94,94,3,mh,mh,mh,INTJ,_
94-3,BO142,94,94,4,incaricata,incaricata,incaricare,VERB,_
94-4,BO142,94,94,5,di,di,di,ADP,_
94-5,BO142,94,94,6,continuare,continuare,continuare,VERB,_
94-6,BO142,94,94,7,il,il,il,DET,_
94-7,BO142,94,94,8,discorso,discorso,discorso,NOUN,_
94-8,BO142,94,94,9,sia,sia,sia,CCONJ,_
94-9,BO142,94,94,10,di,di,di,ADP,_
94-10,BO142,94,94,11,una,una,uno,DET,_
94-11,BO142,94,94,12,persona,persona,persona,NOUN,_
94-12,BO142,94,94,13,che,che,che,PRON,_
94-13,BO142,94,94,14,"si,",si,si,PRON,Intonation=weakly_rising
95-0,BO142,95,95,1,che,che,che,PRON,_
95-1,BO142,95,95,2,è,è,essere,AUX,_
95-2,BO142,95,95,3,volontaria,volontaria,volontario,ADJ,_
95-3,BO142,95,95,4,per,per,per,ADP,_
95-4,BO142,95,95,5,"continuarlo,",continuarlo,continuarlo,NOUN,Intonation=weakly_rising
95-4a,-,-,95,4,-,continuare,continuare,VERB,
95-4b,-,-,95,4,-,lo,il,DET,
96-0,BO142,96,96,1,(l',l',il,DET,Truncated=Yes
96-1,BO142,96,96,2,int~),int~,int~,-,Interrupted=Yes
96-2,BO142,96,96,3,il:,il,il,DET,_
96-3,BO142,96,96,4,il,il,il,DET,_
96-4,BO142,96,96,5,parlante,parlante,parlante,NOUN,_
96-5,BO142,96,96,6,può,può,potere,AUX,_
96-6,BO142,96,96,7,continuare,continuare,continuare,VERB,_
96-7,BO142,96,96,8,la,la,il,DET,_
96-8,BO142,96,96,9,sua,sua,suo,ADJ,_
96-9,BO142,96,96,10,conversazione,conversazione,conversazione,NOUN,_
96-10,BO142,96,96,11,riprendendo,riprendendo,riprendere,VERB,_
96-11,BO142,96,96,12,il,il,il,DET,_
96-12,BO142,96,96,13,turno.,turno,turno,NOUN,Intonation=falling
97-0,BO117,97,97,1,mhm.,mhm,mhm,INTJ,Intonation=falling
98-0,BO142,98,98,1,e,e,e,CCONJ,ProsodicLink=Yes
98-1,BO142,98,98,2,p:oi,poi,poi,ADV,_
98-2,BO142,98,98,3,e::h,eh,eh,INTJ,_
98-3,BO142,98,98,4,un',un',uno,DET,Truncated=Yes
98-4,BO142,98,98,5,"altra,",altra,altro,PRON,Intonation=weakly_rising
99-0,BO142,99,99,1,e::h,eh,eh,INTJ,_
99-1,BO142,99,99,2,regola,regola,regolare,VERB,_
99-2,BO142,99,99,3,che,che,che,SCONJ,_
99-3,BO142,99,99,4,scandisce,scandisce,scandire,VERB,_
99-4,BO142,99,99,5,la:,la,il,DET,_
99-5,BO142,99,99,6,cioè,cioè,cioè,ADV,_
99-6,BO142,99,99,7,un',un',uno,DET,Truncated=Yes
99-7,BO142,99,99,8,altra,altra,altro,ADJ,_
99-8,BO142,99,99,9,unità,unità,unità,NOUN,_
99-9,BO142,99,99,10,d',d',di,ADP,SpaceAfter=No
99-10,BO142,99,99,11,interesse,interesse,interesse,NOUN,_
99-11,BO142,99,99,12-13,del,del,_,_,_
99-11a,_,_,99,12,_,di,di,ADP,_
99-11b,_,_,99,13,_,il,il,DET,_
99-12,BO142,99,99,14,parlato,parlato,parlato,NOUN,_
99-13,BO142,99,99,15,che,che,che,PRON,_
99-14,BO142,99,99,16,è,è,essere,AUX,_
99-15,BO142,99,99,17,stata,stata,essere,AUX,_
99-16,BO142,99,99,18,"studiata,",studiata,studiare,VERB,Intonation=weakly_rising
100-0,BO142,100,100,1,sono,sono,essere,AUX,_
100-1,BO142,100,100,2,le,le,il,DET,_
100-2,BO142,100,100,3,mosse,mosse,mossa,NOUN,_
100-3,BO142,100,100,4,comunicative.,comunicative,comunicativo,ADJ,Intonation=falling
101-0,BO117,101,101,1,mh.,mh,mh,INTJ,Intonation=falling
102-0,BO142,102,102,1,ovvero,ovvero,ovvero,CCONJ,_
102-1,BO142,102,102,2,"e::hm,",ehm,ehm,INTJ,Intonation=weakly_rising
103-0,BO142,103,103,1,un,un,uno,DET,_
103-1,BO142,103,103,2,insieme,insieme,insieme,NOUN,_
103-2,BO142,103,103,3,di,di,di,ADP,_
103-3,BO142,103,103,4,e::hm,ehm,ehm,INTJ,_
103-4,BO142,103,103,5,"azioni,",azioni,azione,NOUN,Intonation=weakly_rising
104-0,BO142,104,104,1,che,che,che,SCONJ,_
104-1,BO142,104,104,2,"e:::h,",eh,eh,INTJ,Intonation=weakly_rising
105-0,BO142,105,105,1,che,che,che,SCONJ,_
105-1,BO142,105,105,2,si,si,si,PRON,_
105-2,BO142,105,105,3,rispettano,rispettano,rispettare,VERB,_
105-3,BO142,105,105,4,durante,durante,durante,ADP,_
105-4,BO142,105,105,5,una,una,uno,DET,_
105-5,BO142,105,105,6,conversazione.,conversazione,conversazione,NOUN,Intonation=falling
106-0,BO142,106,106,1,che,che,che,SCONJ,_
106-1,BO142,106,106,2,spesso,spesso,spesso,ADV,_
106-2,BO142,106,106,3,sono,sono,essere,AUX,_
106-3,BO142,106,106,4,"e::h,",eh,eh,INTJ,Intonation=weakly_rising
107-0,BO117,107,107,1,si,si,si,PRON,_
107-1,BO117,107,107,2,rispettano,rispettano,rispettare,VERB,_
107-2,BO117,107,107,3,forse,forse,forse,ADV,_
107-3,BO117,107,107,4,non,non,non,ADV,_
107-4,BO117,107,107,5,è,è,essere,AUX,_
107-5,BO117,107,107,6,proprio,proprio,proprio,ADV,_
107-6,BO117,107,107,7,il,il,il,DET,_
107-7,BO117,107,107,8,"termine:,",termine,termine,NOUN,Intonation=weakly_rising
108-0,BO142,108,108,1,un,un,uno,DET,_
108-1,BO142,108,108,2,ins[ieme,insieme,insieme,NOUN,_
108-2,BO142,108,108,3,di,di,di,ADP,_
108-3,BO142,108,108,4,azio]ni,azioni,azione,NOUN,_
108-4,BO142,108,108,5,contemplate,contemplate,contemplato,VERB,_
108-5,BO142,108,108,6,in,in,in,ADP,_
108-6,BO142,108,108,7,una,una,uno,DET,_
108-7,BO142,108,108,8,xxx,x,x,-,_
108-8,BO142,108,108,9,"[(e:)],",e,e,CCONJ,Intonation=weakly_rising
109-0,BO117,109,109,1,[migliore].,migliore,migliore,ADJ,Intonation=falling
110-0,BO117,110,110,1,[ma,ma,ma,CCONJ,_
110-1,BO117,110,110,2,vada,vada,andare,VERB,_
110-2,BO117,110,110,3,ava]nti,avanti,avanti,ADV,_
110-3,BO117,110,110,4,vada,vada,andare,VERB,_
110-4,BO117,110,110,5,avanti,avanti,avanti,ADV,_
110-5,BO117,110,110,6,(co[munque]).,comunque,comunque,ADV,Intonation=falling
111-0,BO142,111,111,1,[cioè],cioè,cioè,ADV,_
111-1,BO142,111,111,2,che,che,che,PRON,_
111-2,BO142,111,111,3,si,si,si,PRON,_
111-3,BO142,111,111,4,definiscono,definiscono,definire,VERB,_
111-4,BO142,111,111,5,proprio,proprio,proprio,ADV,_
111-5,BO142,111,111,6,per,per,per,ADP,_
111-6,BO142,111,111,7,la,la,il,DET,_
111-7,BO142,111,111,8,"loro:,",loro,loro,DET,Intonation=weakly_rising
112-0,BO142,112,112,1,"sequenzialità,",sequenzialità,sequenzialità,NOUN,Intonation=weakly_rising
113-0,BO142,113,113,1,e,e,e,CCONJ,_
113-1,BO142,113,113,2,per,per,per,ADP,_
113-2,BO142,113,113,3,il,il,il,DET,_
113-3,BO142,113,113,4,fatto,fatto,fatto,NOUN,_
113-4,BO142,113,113,5,di,di,di,ADP,_
113-5,BO142,113,113,6,"e::hm,",ehm,ehm,INTJ,Intonation=weakly_rising
114-0,BO142,114,114,1,di:,di,di,ADP,_
114-1,BO142,114,114,2,diciamo,diciamo,dire,VERB,_
114-2,BO142,114,114,3-4,definirsi,definirsi,_,_,_
114-2a,_,_,114,3,_,definir,definire,VERB,_
114-2b,_,_,114,4,_,si,si,PRON,_
114-3,BO142,114,114,5-6,sulla,sulla,_,_,_
114-3a,_,_,114,5,_,su,su,ADP,_
114-3b,_,_,114,6,_,la,il,DET,_
114-4,BO142,114,114,7,base,base,base,NOUN,_
114-5,BO142,114,114,8,di,di,di,ADP,_
114-6,BO142,114,114,9,quelle,quelle,quello,PRON,_
114-7,BO142,114,114,10,che,che,che,PRON,_
114-8,BO142,114,114,11,vengono,vengono,venire,VERB,_
114-9,BO142,114,114,12,prima,prima,prima,ADV,_
114-10,BO142,114,114,13,e,e,e,CCONJ,_
114-11,BO142,114,114,14,quelle,quelle,quello,PRON,_
114-12,BO142,114,114,15,che,che,che,PRON,_
114-13,BO142,114,114,16,veng(a)no,vengano,venire,VERB,_
114-14,BO142,114,114,17,dopo,dopo,dopo,ADV,_
114-15,BO142,114,114,18,ad,ad,a,ADP,_
114-16,BO142,114,114,19,"esempio,",esempio,esempio,NOUN,Intonation=weakly_rising
115-0,BO142,115,115,1,e::h,eh,eh,INTJ,_
115-1,BO142,115,115,2,a,a,a,ADP,_
115-2,BO142,115,115,3,un,un,uno,DET,_
115-3,BO142,115,115,4,saluto,saluto,saluto,NOUN,_
115-4,BO142,115,115,5,{P},{P},_,_,_
115-5,BO142,115,115,6,sappiamo,sappiamo,sapere,VERB,_
115-6,BO142,115,115,7,che,che,che,SCONJ,_
115-7,BO142,115,115,8,e:h,eh,eh,INTJ,_
115-8,BO142,115,115,9,corrisponderà,corrisponderà,corrispondere,VERB,_
115-9,BO142,115,115,10,un,un,uno,DET,_
115-10,BO142,115,115,11,altro,altro,altro,ADJ,_
115-11,BO142,115,115,12,"saluto,",saluto,saluto,NOUN,Intonation=weakly_rising
116-0,BO142,116,116,1,ad,ad,a,ADP,_
116-1,BO142,116,116,2,"un::,",un,uno,DET,Intonation=weakly_rising
117-0,BO142,117,117,1,favo:re,favore,favore,NOUN,_
117-1,BO142,117,117,2,o,o,o,CCONJ,_
117-2,BO142,117,117,3,comunque,comunque,comunque,ADV,_
117-3,BO142,117,117,4,un,un,uno,DET,_
117-4,BO142,117,117,5,rigraziame:nto,rigraziamento,rigraziamento,NOUN,_
117-5,BO142,117,117,6,eccetera,eccetera,eccetera,ADV,_
117-6,BO142,117,117,7,"quindi,",quindi,quindi,ADV,Intonation=weakly_rising
118-0,BO142,118,118,1,sono,sono,essere,AUX,_
118-1,BO142,118,118,2,comunque,comunque,comunque,ADV,_
118-2,BO142,118,118,3,regole,regole,regola,NOUN,_
118-3,BO142,118,118,4,che,che,che,PRON,_
118-4,BO142,118,118,5,"e::h,",eh,eh,INTJ,Intonation=weakly_rising
119-0,BO142,119,119,1,che:,che,che,SCONJ,_
119-1,BO142,119,119,2,condizionano,condizionano,condizionare,VERB,_
119-2,BO142,119,119,3,"il:,",il,il,DET,Intonation=weakly_rising
120-0,BO142,120,120,1,e::h,eh,eh,INTJ,_
120-1,BO142,120,120,2,{P},{P},_,_,_
120-2,BO142,120,120,3,il,il,il,DET,_
120-3,BO142,120,120,4,parlato.,parlato,parlato,NOUN,Intonation=falling
121-0,BO142,121,121,1,"e::hm::,",ehm,ehm,INTJ,Intonation=weakly_rising
122-0,BO117,122,122,1,senta,senta,sentire,VERB,_
122-1,BO117,122,122,2,e,e,e,CCONJ,_
122-2,BO117,122,122,3,come,come,come,SCONJ,_
122-3,BO117,122,122,4,definiamo,definiamo,definire,VERB,_
122-4,BO117,122,122,5,contesto?,contesto,contesto,NOUN,Intonation=rising
122-5,BO117,122,122,6,cos',cos',cos',PRON,Truncated=Yes
122-6,BO117,122,122,7,è,è,essere,AUX,_
122-7,BO117,122,122,8,un,un,uno,DET,_
122-8,BO117,122,122,9,contesto?,contesto,contesto,NOUN,Intonation=rising
123-0,BO142,123,123,1,allora,allora,allora,ADV,_
123-1,BO142,123,123,2,il,il,il,DET,_
123-2,BO142,123,123,3,contesto,contesto,contesto,NOUN,_
123-3,BO142,123,123,4,è,è,essere,AUX,_
123-4,BO142,123,123,5,e::h,eh,eh,INTJ,_
123-5,BO142,123,123,6,l',l',il,DET,Truncated=Yes
123-6,BO142,123,123,7,insieme,insieme,insieme,NOUN,_
123-7,BO142,123,123,8-9,degli,degli,_,_,_
123-7a,_,_,123,8,_,di,di,ADP,_
123-7b,_,_,123,9,_,gli,il,DET,_
123-8,BO142,123,123,10,elementi,elementi,elemento,NOUN,_
123-9,BO142,123,123,11,extralinguistici,extralinguistici,extralinguistico,ADJ,_
123-10,BO142,123,123,12,"che,",che,che,PRON,Intonation=weakly_rising
124-0,BO142,124,124,1,condiziona,condiziona,condizionare,VERB,_
124-1,BO142,124,124,2,"e::h,",eh,eh,INTJ,Intonation=weakly_rising
125-0,BO142,125,125,1,il::,il,il,DET,_
125-1,BO142,125,125,2,un,un,uno,DET,_
125-2,BO142,125,125,3,enuciato,enuciato,enuciato,NOUN,_
125-3,BO142,125,125,4,{P},{P},_,_,_
125-4,BO142,125,125,5,o,o,o,CCONJ,_
125-5,BO142,125,125,6,comunque,comunque,comunque,ADV,_
125-6,BO142,125,125,7,e::h,eh,eh,INTJ,_
126-0,BO142,126,126,1,diciamo,diciamo,dire,VERB,_
126-1,BO142,126,126,2,"m:h,",mh,mh,INTJ,Intonation=weakly_rising
127-0,BO142,127,127,1,fornisce,fornisce,fornire,VERB,_
127-1,BO142,127,127,2,il:,il,il,DET,_
127-2,BO142,127,127,3,l',l',il,DET,Truncated=Yes
127-3,BO142,127,127,4,ambiente,ambiente,ambiente,NOUN,_
127-4,BO142,127,127,5,in,in,in,ADP,_
127-5,BO142,127,127,6,cui,cui,cui,PRON,_
127-6,BO142,127,127,7,eh,eh,eh,INTJ,_
127-7,BO142,127,127,8,un,un,uno,DET,_
127-8,BO142,127,127,9,enuciato,enuciato,enuciato,NOUN,_
127-9,BO142,127,127,10,"si,",si,si,PRON,Intonation=weakly_rising
128-0,BO142,128,128,1,e::h,eh,eh,INTJ,_
128-1,BO142,128,128,2,un,un,uno,DET,_
128-2,BO142,128,128,3,euniciato,euniciato,euniciato,ADJ,_
128-3,BO142,128,128,4,"eh,",eh,eh,NOUN,Intonation=weakly_rising
129-0,BO142,129,129,1,prende,prende,prendere,VERB,_
129-1,BO142,129,129,2,significato.,significato,significato,NOUN,Intonation=falling
130-0,BO142,130,130,1,quindi,quindi,quindi,ADV,_
130-1,BO142,130,130,2,eh,eh,eh,INTJ,_
130-2,BO142,130,130,3,diciamo,diciamo,dire,VERB,_
130-3,BO142,130,130,4,che,che,che,SCONJ,_
130-4,BO142,130,130,5,è,è,essere,AUX,_
130-5,BO142,130,130,6,"i[l:],",il,il,DET,Intonation=weakly_rising
131-0,BO117,131,131,1,[sì,sì,sì,INTJ,_
131-1,BO117,131,131,2,c]he,che,che,PRON,_
131-2,BO117,131,131,3,lo,lo,lo,PRON,_
131-3,BO117,131,131,4,condiziona,condiziona,condizionare,VERB,_
131-4,BO117,131,131,5,[non,non,non,ADV,_
131-5,BO117,131,131,6,è,è,essere,AUX,_
131-6,BO117,131,131,7,mo]lto,molto,molto,ADV,_
131-7,BO117,131,131,8,{P},{P},_,_,_
131-8,BO117,131,131,9,preciso,preciso,preciso,ADJ,_
131-9,BO117,131,131,10,effettivamente,effettivamente,effettivamente,ADV,_
131-10,BO117,131,131,11,ma,ma,ma,CCONJ,_
131-11,BO117,131,131,12,li,li,li,PRON,_
131-12,BO117,131,131,13,m~,m~,m~,-,Interrupted=Yes
131-13,BO117,131,131,14,mh,mh,mh,INTJ,_
131-14,BO117,131,131,15,[meglio,meglio,meglio,ADV,_
131-15,BO117,131,131,16,la,la,il,DET,_
131-16,BO117,131,131,17,seconda,seconda,secondo,ADJ,_
131-17,BO117,131,131,18,{P},{P},_,_,_
131-18,BO117,131,131,19,mh].,mh,mh,INTJ,Intonation=falling
132-0,BO142,132,132,1,[sì,sì,sì,ADV,_
132-1,BO142,132,132,2,no].,no,no,ADV,Intonation=falling
133-0,BO142,133,133,1-2,[all',all',_,_,Truncated=Yes
133-0a,_,_,133,1,_,a,a,ADP,_
133-0b,_,_,133,2,_,l',il,DET,_
133-1,BO142,133,133,3,interno,interno,interno,NOUN,_
133-2,BO142,133,133,4-5,del,del,_,_,_
133-2a,_,_,133,4,_,di,di,ADP,_
133-2b,_,_,133,5,_,il,il,DET,_
133-3,BO142,133,133,6,qua]le,quale,quale,PRON,_
133-4,BO142,133,133,7,e::h,eh,eh,INTJ,_
133-5,BO142,133,133,8,assume,assume,assumere,VERB,_
133-6,BO142,133,133,9,un,un,uno,DET,_
133-7,BO142,133,133,10,significato,significato,significato,NOUN,_
133-8,BO142,133,133,11,un,un,uno,DET,_
133-9,BO142,133,133,12,enunciato.,enunciato,enunciato,NOUN,Intonation=falling
134-0,BO142,134,134,1,ovvero,ovvero,ovvero,CCONJ,_
134-1,BO142,134,134,2,tutta,tutta,tutto,DET,_
134-2,BO142,134,134,3,una,una,uno,DET,_
134-3,BO142,134,134,4,serie,serie,serie,NOUN,_
134-4,BO142,134,134,5,di,di,di,ADP,_
134-5,BO142,134,134,6,e::h,eh,eh,INTJ,_
134-6,BO142,134,134,7,refere:nti,referenti,referente,NOUN,_
134-7,BO142,134,134,8,"di,",di,di,ADP,Intonation=weakly_rising
135-0,BO142,135,135,1,"e::hm:,",ehm,ehm,INTJ,Intonation=weakly_rising
136-0,BO142,136,136,1,di,di,di,ADP,_
136-1,BO142,136,136,2,m:h,mh,mh,INTJ,_
136-2,BO142,136,136,3,valore,valore,valore,NOUN,_
136-3,BO142,136,136,4,extraliguistici,extraliguistici,extraliguistico,ADJ,_
136-4,BO142,136,136,5,che,che,che,PRON,_
136-5,BO142,136,136,6,fanno,fanno,fare,VERB,_
136-6,BO142,136,136,7,in,in,in,ADP,_
136-7,BO142,136,136,8,modo,modo,modo,NOUN,_
136-8,BO142,136,136,9,che,che,che,SCONJ,_
136-9,BO142,136,136,10,l',l',il,DET,Truncated=Yes
136-10,BO142,136,136,11,enunciato,enunciato,enunciato,NOUN,_
136-11,BO142,136,136,12,stesso,stesso,stesso,ADJ,_
136-12,BO142,136,136,13,"abbia,",abbia,avere,AUX,Intonation=weakly_rising
137-0,BO142,137,137,1,significato,significato,significato,NOUN,_
137-1,BO142,137,137,2,perché,perché,perché,SCONJ,_
137-2,BO142,137,137,3,"e::h,",eh,eh,INTJ,Intonation=weakly_rising
138-0,BO142,138,138,1,è,è,essere,AUX,_
138-1,BO142,138,138,2,stato,stato,essere,AUX,_
138-2,BO142,138,138,3,sottolineato,sottolineato,sottolineare,VERB,_
138-3,BO142,138,138,4,varie,varie,vario,DET,_
138-4,BO142,138,138,5,volte,volte,volta,NOUN,_
138-5,BO142,138,138,6-7,nel:,nel,_,_,ProsodicLink=Yes
138-5a,_,_,138,6,_,in,in,ADP,_
138-5b,_,_,138,7,_,il,il,DET,_
138-6,BO142,138,138,8,in,in,in,ADP,_
138-7,BO142,138,138,9,questi,questi,questo,DET,_
138-8,BO142,138,138,10,libri,libri,libro,NOUN,_
138-9,BO142,138,138,11,"che,",che,che,PRON,Intonation=weakly_rising
139-0,BO142,139,139,1,e:h,eh,eh,INTJ,_
139-1,BO142,139,139,2,un,un,uno,DET,_
139-2,BO142,139,139,3,enunciato,enunciato,enunciato,NOUN,_
139-3,BO142,139,139,4,è,è,essere,AUX,_
139-4,BO142,139,139,5,"appunto,",appunto,appunto,ADV,Intonation=weakly_rising
140-0,BO142,140,140,1,"un:,",un,uno,DET,Intonation=weakly_rising
141-0,BO142,141,141,1,un,un,uno,DET,_
141-1,BO142,141,141,2,discorso,discorso,discorso,NOUN,_
141-2,BO142,141,141,3,e:h,eh,eh,INTJ,_
141-3,BO142,141,141,4,in,in,in,ADP,_
141-4,BO142,141,141,5,un,un,uno,DET,_
141-5,BO142,141,141,6,contesto,contesto,contesto,NOUN,_
141-6,BO142,141,141,7,e,e,e,CCONJ,_
141-7,BO142,141,141,8,quindi,quindi,quindi,ADV,_
141-8,BO142,141,141,9,per,per,per,ADP,_
141-9,BO142,141,141,10-11,capirlo,capirlo,_,_,_
141-9a,_,_,141,10,_,capir,capire,VERB,_
141-9b,_,_,141,11,_,lo,lo,PRON,_
141-10,BO142,141,141,12,"veramente,",veramente,veramente,ADV,Intonation=weakly_rising
142-0,BO142,142,142,1,è,è,essere,AUX,_
142-1,BO142,142,142,2,necessario,necessario,necessario,ADJ,_
142-2,BO142,142,142,3,comprendere,comprendere,comprendere,VERB,_
142-3,BO142,142,142,4,tutte,tutte,tutto,DET,_
142-4,BO142,142,142,5,le,le,il,DET,_
142-5,BO142,142,142,6,variabili,variabili,variabile,NOUN,_
142-6,BO142,142,142,7,{P},{P},_,_,_
142-7,BO142,142,142,8,che,che,che,PRON,_
142-8,BO142,142,142,9,lo,lo,lo,PRON,_
142-9,BO142,142,142,10,compongono,compongono,comporre,VERB,_
142-10,BO142,142,142,11,ad,ad,a,ADP,_
142-11,BO142,142,142,12,"esempio,",esempio,esempio,NOUN,Intonation=weakly_rising
143-0,BO142,143,143,1,e:h,eh,eh,INTJ,_
143-1,BO142,143,143,2,i,i,il,DET,_
143-2,BO142,143,143,3,"referenti,",referenti,referente,NOUN,Intonation=weakly_rising
144-0,BO142,144,144,1,[e:h],eh,eh,INTJ,_
144-1,BO142,144,144,2,che,che,che,SCONJ,_
144-2,BO142,144,144,3,in,in,in,ADP,_
144-3,BO142,144,144,4,un,un,uno,DET,_
144-4,BO142,144,144,5,discorso,discorso,discorso,NOUN,_
144-5,BO142,144,144,6,vengono,vengono,venire,AUX,_
144-6,BO142,144,144,7,menzionati,menzionati,menzionare,VERB,_
144-7,BO142,144,144,8,ovvero,ovvero,ovvero,CCONJ,_
144-8,BO142,144,144,9,le,le,il,DET,_
144-9,BO142,144,144,10,entità,entità,entità,NOUN,_
144-10,BO142,144,144,11,extralinguistiche,extralinguistiche,extralinguistico,ADJ,_
144-11,BO142,144,144,12,a,a,a,ADP,_
144-12,BO142,144,144,13,cui,cui,cui,PRON,_
144-13,BO142,144,144,14,questo,questo,questo,PRON,_
144-14,BO142,144,144,15,si,si,si,PRON,_
144-15,BO142,144,144,16,"rifà,",rifà,rifare,VERB,Intonation=weakly_rising
145-0,BO117,145,145,1,[mhmh],mhmh,mhmh,INTJ,_
146-0,BO142,146,146,1,"e:::h,",eh,eh,INTJ,Intonation=weakly_rising
147-0,BO142,147,147,1,oppure,oppure,oppure,CCONJ,_
147-1,BO142,147,147,2,il,il,il,DET,_
147-2,BO142,147,147,3,tempo,tempo,tempo,NOUN,_
147-3,BO142,147,147,4,e,e,e,CCONJ,_
147-4,BO142,147,147,5,il,il,il,DET,_
147-5,BO142,147,147,6,"luogo,",luogo,luogo,NOUN,Intonation=weakly_rising
148-0,BO142,148,148,1,eh,eh,eh,INTJ,_
148-1,BO142,148,148,2-3,all',all',_,_,Truncated=Yes
148-1a,_,_,148,2,_,a,a,ADP,_
148-1b,_,_,148,3,_,l',il,DET,_
148-2,BO142,148,148,4,interno,interno,interno,NOUN,_
148-3,BO142,148,148,5-6,del,del,_,_,_
148-3a,_,_,148,5,_,di,di,ADP,_
148-3b,_,_,148,6,_,il,il,DET,_
148-4,BO142,148,148,7,quale,quale,quale,PRON,_
148-5,BO142,148,148,8,un,un,uno,DET,_
148-6,BO142,148,148,9,enunciato,enunciato,enunciato,NOUN,_
148-7,BO142,148,148,10,"è,",è,essere,AUX,Intonation=weakly_rising
149-0,BO142,149,149,1,e:h,eh,eh,INTJ,_
149-1,BO142,149,149,2,"inserito,",inserito,inserire,VERB,Intonation=weakly_rising
150-0,BO142,150,150,1,"e::hm::,",ehm,ehm,INTJ,Intonation=weakly_rising
151-0,BO142,151,151,1,tutte,tutte,tutto,DET,_
151-1,BO142,151,151,2,queste,queste,questo,DET,_
151-2,BO142,151,151,3,e:h,eh,eh,INTJ,_
151-3,BO142,151,151,4,considerazioni,considerazioni,considerazione,NOUN,_
151-4,BO142,151,151,5,e,e,e,CCONJ,_
151-5,BO142,151,151,6,e:h,eh,eh,INTJ,_
151-6,BO142,151,151,7,elementi,elementi,elemento,NOUN,_
151-7,BO142,151,151,8,"extralinguistici,",extralinguistici,extralinguistico,ADJ,Intonation=weakly_rising
152-0,BO142,152,152,1,hanno,hanno,avere,VERB,_
152-1,BO142,152,152,2,bisogno,bisogno,bisogno,NOUN,_
152-2,BO142,152,152,3,di,di,di,ADP,_
152-3,BO142,152,152,4,e::h,eh,eh,INTJ,_
152-4,BO142,152,152,5,varie,varie,vario,ADJ,_
152-5,BO142,152,152,6,premesse,premesse,premessa,NOUN,_
152-6,BO142,152,152,7,per,per,per,ADP,_
152-7,BO142,152,152,8,"essere,",essere,essere,AUX,Intonation=weakly_rising
153-0,BO142,153,153,1,e:h,eh,eh,INTJ,_
153-1,BO142,153,153,2,colte,colte,cogliere,VERB,_
153-2,BO142,153,153,3-4,nel,nel,_,_,_
153-2a,_,_,153,3,_,in,in,ADP,_
153-2b,_,_,153,4,_,il,il,DET,_
153-3,BO142,153,153,5,modo,modo,modo,NOUN,_
153-4,BO142,153,153,6,adeguato,adeguato,adeguato,ADJ,_
153-5,BO142,153,153,7-8,dall',dall',_,_,Truncated=Yes
153-5a,_,_,153,7,_,da,da,ADP,_
153-5b,_,_,153,8,_,l',il,DET,_
153-6,BO142,153,153,9,interlocutore,interlocutore,interlocutore,NOUN,_
153-7,BO142,153,153,10,"ovvero,",ovvero,ovvero,CCONJ,Intonation=weakly_rising
154-0,BO142,154,154,1,e::h,eh,eh,INTJ,_
154-1,BO142,154,154,2,che,che,che,SCONJ,_
154-2,BO142,154,154,3,{P},{P},_,_,_
154-3,BO142,154,154,4,in,in,in,ADP,_
154-4,BO142,154,154,5,un,un,uno,DET,_
154-5,BO142,154,154,6,certo,certo,certo,ADJ,_
154-6,BO142,154,154,7,senso,senso,senso,NOUN,_
154-7,BO142,154,154,8,condividano,condividano,condividere,VERB,_
154-8,BO142,154,154,9,una,una,uno,DET,_
154-9,BO142,154,154,10,"e::hm,",ehm,ehm,INTJ,Intonation=weakly_rising
155-0,BO142,155,155,1,e:h,eh,eh,INTJ,_
155-1,BO142,155,155,2,{P},{P},_,_,_
155-2,BO142,155,155,3,una,una,uno,DET,_
155-3,BO142,155,155,4,cul~,cultura,cultura,NOUN,Interrupted=Yes
155-4,BO142,155,155,5,non,non,non,ADV,_
155-5,BO142,155,155,6,una,una,uno,DET,_
155-6,BO142,155,155,7,cultura,cultura,cultura,NOUN,_
155-7,BO142,155,155,8,ma,ma,ma,CCONJ,_
155-8,BO142,155,155,9,una,una,uno,DET,_
155-9,BO142,155,155,10,conoscenza,conoscenza,conoscenza,NOUN,_
155-10,BO142,155,155,11,"generale,",generale,generale,ADJ,Intonation=weakly_rising
156-0,BO142,156,156,1,e::h,eh,eh,INTJ,_
156-1,BO142,156,156,2,{P},{P},_,_,_
156-2,BO142,156,156,3,in,in,in,ADP,_
156-3,BO142,156,156,4,"sintonia,",sintonia,sintonia,NOUN,Intonation=weakly_rising
157-0,BO142,157,157,1,che,che,che,SCONJ,_
157-1,BO142,157,157,2,abbiano,abbiano,avere,VERB,_
157-2,BO142,157,157,3,"[e::h],",eh,eh,INTJ,Intonation=weakly_rising
158-0,BO117,158,158,1,[una,una,uno,DET,_
158-1,BO117,158,158,2,c]onoscenza,conoscenza,conoscenza,NOUN,_
158-2,BO117,158,158,3,condivisa,condivisa,condivisa,ADJ,_
158-3,BO117,158,158,4,no?,no,no,ADV,Intonation=rising
159-0,BO142,159,159,1,sì,sì,sì,ADV,_
159-1,BO142,159,159,2,è,è,essere,AUX,_
159-2,BO142,159,159,3,una,una,uno,DET,_
159-3,BO142,159,159,4,conoscenza,conoscenza,conoscenza,NOUN,_
159-4,BO142,159,159,5,"condivisa,",condivisa,condivisa,ADJ,Intonation=weakly_rising
160-0,BO142,160,160,1,e,e,e,CCONJ,_
160-1,BO142,160,160,2,{P},{P},_,_,_
160-2,BO142,160,160,3,che,che,che,SCONJ,_
160-3,BO142,160,160,4,{P},{P},_,_,_
160-4,BO142,160,160,5,e:::h,eh,eh,INTJ,_
160-5,BO142,160,160,6,abbiano,abbiano,avere,VERB,_
160-6,BO142,160,160,7,presente,presente,presente,ADJ,_
160-7,BO142,160,160,8,quindi,quindi,quindi,ADV,_
160-8,BO142,160,160,9,lo,lo,il,DET,_
160-9,BO142,160,160,10,stesso,stesso,stesso,ADJ,_
160-10,BO142,160,160,11,"ambiente,",ambiente,ambiente,NOUN,Intonation=weakly_rising
161-0,BO142,161,161,1,e::h,eh,eh,INTJ,_
161-1,BO142,161,161,2,extralinguistico,extralinguistico,extralinguistico,ADJ,_
161-2,BO142,161,161,3,a,a,a,ADP,_
161-3,BO142,161,161,4,cui:,cui,cui,PRON,_
161-4,BO142,161,161,5,"[xx],",xx,x,-,Intonation=weakly_rising
162-0,BO117,162,162,1,[ecco,ecco,ecco,ADV,_
162-1,BO117,162,162,2,lei,lei,lei,PRON,_
162-2,BO117,162,162,3,ha,ha,avere,AUX,_
162-3,BO117,162,162,4,le]tto,letto,leggere,VERB,_
162-4,BO117,162,162,5,anche,anche,anche,ADV,_
162-5,BO117,162,162,6,il,il,il,DET,_
162-6,BO117,162,162,7,libro,libro,libro,NOUN,_
162-7,BO117,162,162,8-9,della,della,_,_,_
162-7a,_,_,162,8,_,di,di,ADP,_
162-7b,_,_,162,9,_,la,il,DET,_
162-8,BO117,162,162,10,bianchi.,bianchi,Bianchi,PROPN,Intonation=falling
163-0,BO117,163,163,1,m::h,mh,mh,INTJ,_
163-1,BO117,163,163,2-3,nella:,nella,_,_,_
163-1a,_,_,163,2,_,in,in,ADP,_
163-1b,_,_,163,3,_,la,il,DET,_
163-2,BO117,163,163,4,relevance,relevance,relevance,NOUN,_
163-3,BO117,163,163,5,theory,theory,theory,NOUN,_
163-4,BO117,163,163,6,come,come,come,SCONJ,_
163-5,BO117,163,163,7,viene,viene,venire,AUX,_
163-6,BO117,163,163,8,definito,definito,definire,VERB,_
163-7,BO117,163,163,9,il,il,il,DET,_
163-8,BO117,163,163,10,contesto?,contesto,contesto,NOUN,Intonation=rising
164-0,BO142,164,164,1,allora,allora,allora,ADV,_
164-1,BO142,164,164,2,e::h,eh,eh,INTJ,_
164-2,BO142,164,164,3-4,nella,nella,_,_,_
164-2a,_,_,164,3,_,in,in,ADP,_
164-2b,_,_,164,4,_,la,il,DET,_
164-3,BO142,164,164,5,"relevance,",relevance,relevance,NOUN,Intonation=weakly_rising
165-0,BO142,165,165,1,e:h,eh,eh,INTJ,_
165-1,BO142,165,165,2,theory,theory,theory,NOUN,_
165-2,BO142,165,165,3,il,il,il,DET,_
165-3,BO142,165,165,4,"contesto,",contesto,contesto,NOUN,Intonation=weakly_rising
166-0,BO142,166,166,1,è,è,essere,AUX,_
166-1,BO142,166,166,2,molto,molto,molto,ADV,_
166-2,BO142,166,166,3,importante,importante,importante,ADJ,_
166-3,BO142,166,166,4,in,in,in,ADP,_
166-4,BO142,166,166,5,"quanto,",quanto,quanto,ADV,Intonation=weakly_rising
167-0,BO142,167,167,1,è,è,essere,AUX,_
167-1,BO142,167,167,2,la,la,il,DET,_
167-2,BO142,167,167,3,fonte,fonte,fonte,NOUN,_
167-3,BO142,167,167,4,stessa:,stessa,stesso,ADJ,_
167-4,BO142,167,167,5-6,dalla,dalla,_,_,_
167-4a,_,_,167,5,_,da,da,ADP,_
167-4b,_,_,167,6,_,la,il,DET,_
167-5,BO142,167,167,7,quale,quale,quale,PRON,_
167-6,BO142,167,167,8,provengono,provengono,provenire,VERB,_
167-7,BO142,167,167,9,gli,gli,il,DET,_
167-8,BO142,167,167,10,"indizi,",indizi,indizio,NOUN,Intonation=weakly_rising
168-0,BO142,168,168,1,che,che,che,PRON,_
168-1,BO142,168,168,2,rendono,rendono,rendere,VERB,_
168-2,BO142,168,168,3,"e:::h,",eh,eh,INTJ,Intonation=weakly_rising
169-0,BO142,169,169,1,che,che,che,PRON,_
169-1,BO142,169,169,2,rendono,rendono,rendere,VERB,_
169-2,BO142,169,169,3,appunto,appunto,appunto,ADV,_
169-3,BO142,169,169,4,{P},{P},_,_,_
169-4,BO142,169,169,5,"e::hm,",ehm,ehm,INTJ,Intonation=weakly_rising
170-0,BO142,170,170,1,possibile,possibile,possibile,ADJ,_
170-1,BO142,170,170,2,la,la,il,DET,_
170-2,BO142,170,170,3,conversazione,conversazione,conversazione,NOUN,_
170-3,BO142,170,170,4,secondo,secondo,secondo,ADP,_
170-4,BO142,170,170,5,la,la,il,DET,_
170-5,BO142,170,170,6,relevance,relevance,relevance,NOUN,_
170-6,BO142,170,170,7,{P},{P},_,_,_
170-7,BO142,170,170,8,theory.,theory,theory,NOUN,Intonation=falling
171-0,BO142,171,171,1,e:h,eh,eh,INTJ,_
171-1,BO142,171,171,2,infatti,infatti,infatti,ADV,_
171-2,BO142,171,171,3,secondo,secondo,secondo,ADP,_
171-3,BO142,171,171,4,questa,questa,questo,DET,_
171-4,BO142,171,171,5,"teoria,",teoria,teoria,NOUN,Intonation=weakly_rising
172-0,BO142,172,172,1,e:h,eh,eh,INTJ,_
172-1,BO142,172,172,2,tutta,tutta,tutto,ADJ,_
172-2,BO142,172,172,3,la,la,il,DET,_
172-3,BO142,172,172,4,conversazione,conversazione,conversazione,NOUN,_
172-4,BO142,172,172,5,è,è,essere,AUX,_
172-5,BO142,172,172,6,ostensivo,ostensivo,ostensivo,ADJ,_
172-6,BO142,172,172,7,"e::h,",eh,eh,INTJ,Intonation=weakly_rising
173-0,BO142,173,173,1,[xx].,xx,x,-,Intonation=falling
174-0,BO117,174,174,1,[però,però,però,ADV,_
174-1,BO117,174,174,2,loro,loro,loro,PRON,_
174-2,BO117,174,174,3,par]lano,parlano,parlare,VERB,_
174-3,BO117,174,174,4,di,di,di,ADP,_
174-4,BO117,174,174,5,"contesto,",contesto,contesto,NOUN,Intonation=weakly_rising
175-0,BO117,175,175,1,in,in,in,ADP,_
175-1,BO117,175,175,2,un:,un,uno,DET,_
175-2,BO117,175,175,3,senso,senso,senso,NOUN,_
175-3,BO117,175,175,4,leggermente,leggermente,leggermente,ADV,_
175-4,BO117,175,175,5,diverso,diverso,diverso,ADJ,_
175-5,BO117,175,175,6,addirittura,addirittura,addirittura,ADV,_
175-6,BO117,175,175,7,parlan,parlan,parlare,VERB,_
175-7,BO117,175,175,8,di,di,di,ADP,_
175-8,BO117,175,175,9,contesto,contesto,contesto,NOUN,_
175-9,BO117,175,175,10,"cognitivo,",cognitivo,cognitivo,ADJ,Intonation=weakly_rising
176-0,BO142,176,176,1,ah,ah,ah,INTJ,_
176-1,BO142,176,176,2,okay.,okay,ok,INTJ,Intonation=falling
177-0,BO142,177,177,1,sì,sì,sì,ADV,_
177-1,BO142,177,177,2,ovvero,ovvero,ovvero,CCONJ,_
177-2,BO142,177,177,3,"e::hm::,",ehm,ehm,INTJ,Intonation=weakly_rising
178-0,BO142,178,178,1,quando,quando,quando,SCONJ,_
178-1,BO142,178,178,2,io,io,io,PRON,_
178-2,BO142,178,178,3,ho,ho,avere,VERB,_
178-3,BO142,178,178,4,una,una,uno,DET,_
178-4,BO142,178,178,5,nuova,nuova,nuovo,ADJ,_
178-5,BO142,178,178,6,informazione,informazione,informazione,NOUN,_
178-6,BO142,178,178,7,{P},{P},_,_,_
178-7,BO142,178,178,8,devo,devo,dovere,AUX,_
178-8,BO142,178,178,9,"trovare,",trovare,trovare,VERB,Intonation=weakly_rising
179-0,BO142,179,179,1,e::h,eh,eh,INTJ,_
179-1,BO142,179,179,2-3,all',all',_,_,Truncated=Yes
179-1a,_,_,179,2,_,a,a,ADP,_
179-1b,_,_,179,3,_,l',il,DET,_
179-2,BO142,179,179,4,interno,interno,interno,NOUN,_
179-3,BO142,179,179,5-6,del,del,_,_,_
179-3a,_,_,179,5,_,di,di,ADP,_
179-3b,_,_,179,6,_,il,il,DET,_
179-4,BO142,179,179,7,mio,mio,mio,DET,_
179-5,BO142,179,179,8,{P},{P},_,_,_
179-6,BO142,179,179,9,e::h,eh,eh,INTJ,_
179-7,BO142,179,179,10,{P},{P},_,_,_
179-8,BO142,179,179,11,ambiente,ambiente,ambiente,NOUN,_
179-9,BO142,179,179,12,"cognitivo,",cognitivo,cognitivo,ADJ,Intonation=weakly_rising
180-0,BO142,180,180,1,e:h,eh,eh,INTJ,_
180-1,BO142,180,180,2,il,il,il,DET,_
180-2,BO142,180,180,3,contesto,contesto,contesto,NOUN,_
180-3,BO142,180,180,4,cognitivo,cognitivo,cognitivo,ADJ,_
180-4,BO142,180,180,5,con,con,con,ADP,_
180-5,BO142,180,180,6,il,il,il,DET,_
180-6,BO142,180,180,7,quale,quale,quale,PRON,_
180-7,BO142,180,180,8,si,si,si,PRON,_
180-8,BO142,180,180,9,può,può,potere,AUX,_
180-9,BO142,180,180,10,legare,legare,legare,VERB,_
180-10,BO142,180,180,11-12,nel,nel,_,_,_
180-10a,_,_,180,11,_,in,in,ADP,_
180-10b,_,_,180,12,_,il,il,DET,_
180-11,BO142,180,180,13,modo,modo,modo,NOUN,_
180-12,BO142,180,180,14,"ottimale,",ottimale,ottimale,ADJ,Intonation=weakly_rising
181-0,BO142,181,181,1,per,per,per,ADP,_
181-1,BO142,181,181,2,avere,avere,avere,VERB,_
181-2,BO142,181,181,3,una,una,uno,DET,_
181-3,BO142,181,181,4,ver~,ver~,ver~,X,Interrupted=Yes
181-4,BO142,181,181,5,una,una,uno,DET,_
181-5,BO142,181,181,6,visione,visione,visione,NOUN,_
181-6,BO142,181,181,7,p~,p~,p~,X,Interrupted=Yes
181-7,BO142,181,181,8,diversa,diversa,diverso,ADJ,_
181-8,BO142,181,181,9-10,del,del,_,_,_
181-8a,_,_,181,9,_,di,di,ADP,_
181-8b,_,_,181,10,_,il,il,DET,_
181-9,BO142,181,181,11,mondo,mondo,mondo,NOUN,_
181-10,BO142,181,181,12,o,o,o,CCONJ,_
181-11,BO142,181,181,13,comunque,comunque,comunque,ADV,_
181-12,BO142,181,181,14,far,far,fare,VERB,_
181-13,BO142,181,181,15,sì,sì,sì,ADV,_
181-14,BO142,181,181,16,"che,",che,che,SCONJ,Intonation=weakly_rising
182-0,BO142,182,182,1,i,i,il,DET,_
182-1,BO142,182,182,2,miei,miei,mio,DET,_
182-2,BO142,182,182,3,costi,costi,costo,NOUN,_
182-3,BO142,182,182,4,cognitivi,cognitivi,cognitivo,ADJ,_
182-4,BO142,182,182,5,"vengano,",vengano,venire,AUX,Intonation=weakly_rising
183-0,BO142,183,183,1,e:::h,eh,eh,INTJ,_
183-1,BO142,183,183,2,contraccambiati,contraccambiati,contraccambiare,VERB,_
183-2,BO142,183,183,3,da,da,da,ADP,_
183-3,BO142,183,183,4-5,degli,degli,_,_,_
183-3a,_,_,183,4,_,di,di,ADP,_
183-3b,_,_,183,5,_,gli,il,DET,_
183-4,BO142,183,183,6,effetti,effetti,effetto,NOUN,_
183-5,BO142,183,183,7,cognitivi,cognitivi,cognitivo,ADJ,_
183-6,BO142,183,183,8,perma~,permanenti,permanente,ADJ,Interrupted=Yes
183-7,BO142,183,183,9,"e::hm,",ehm,ehm,INTJ,Intonation=weakly_rising
184-0,BO142,184,184,1,m:h,mh,mh,INTJ,_
184-1,BO142,184,184,2,"efficaci,",efficaci,efficace,ADJ,Intonation=weakly_rising
185-0,BO142,185,185,1,il,il,il,DET,_
185-1,BO142,185,185,2,che,che,che,PRON,_
185-2,BO142,185,185,3,è,è,essere,AUX,_
185-3,BO142,185,185,4,proprio,proprio,proprio,ADV,_
185-4,BO142,185,185,5,la,la,il,DET,_
185-5,BO142,185,185,6,e::h,eh,eh,INTJ,_
185-6,BO142,185,185,7,regola,regola,regola,NOUN,_
185-7,BO142,185,185,8,di,di,di,ADP,_
185-8,BO142,185,185,9,"base,",base,base,NOUN,Intonation=weakly_rising
186-0,BO142,186,186,1-2,della,della,_,_,_
186-0a,_,_,186,1,_,di,di,ADP,_
186-0b,_,_,186,2,_,la,il,DET,_
186-1,BO142,186,186,3,pertinenza,pertinenza,pertinenza,NOUN,_
186-2,BO142,186,186,4,diciamo,diciamo,dire,VERB,_
186-3,BO142,186,186,5,la,la,il,DET,_
186-4,BO142,186,186,6,pertinenza,pertinenza,pertinenza,NOUN,_
186-5,BO142,186,186,7,infatti,infatti,infatti,ADV,_
186-6,BO142,186,186,8,si,si,si,PRON,_
186-7,BO142,186,186,9,"misura,",misura,misurare,VERB,Intonation=weakly_rising
187-0,BO142,187,187,1,in:,in,in,ADP,_
187-1,BO142,187,187,2,in,in,in,ADP,_
187-2,BO142,187,187,3,termini,termini,termine,NOUN,_
187-3,BO142,187,187,4,di,di,di,ADP,_
187-4,BO142,187,187,5,costi,costi,costo,NOUN,_
187-5,BO142,187,187,6,ed,ed,e,CCONJ,_
187-6,BO142,187,187,7,effetti,effetti,effetto,NOUN,_
187-7,BO142,187,187,8,cognitivi.,cognitivi,cognitivo,ADJ,Intonation=falling
188-0,BO142,188,188,1,dove,dove,dove,ADV,_
188-1,BO142,188,188,2,i,i,il,DET,_
188-2,BO142,188,188,3,costi,costi,costo,NOUN,_
188-3,BO142,188,188,4,cognitivi,cognitivi,cognitivo,ADJ,_
188-4,BO142,188,188,5,"sono,",sono,essere,AUX,Intonation=weakly_rising
189-0,BO142,189,189,1,gli,gli,il,DET,_
189-1,BO142,189,189,2,sforzi,sforzi,sforzo,NOUN,_
189-2,BO142,189,189,3,che,che,che,PRON,_
189-3,BO142,189,189,4,io,io,io,PRON,_
189-4,BO142,189,189,5,"faccio,",faccio,fare,VERB,Intonation=weakly_rising
190-0,BO142,190,190,1,"per::,",per,per,ADP,Intonation=weakly_rising
191-0,BO142,191,191,1,m:::h,mh,mh,INTJ,_
191-1,BO142,191,191,2,diciamo,diciamo,dire,VERB,_
191-2,BO142,191,191,3,{P},{P},_,_,_
191-3,BO142,191,191,4,decodific~,decodificare,decodificare,VERB,Interrupted=Yes
191-4,BO142,191,191,5,decodificare,decodificare,decodificare,VERB,_
191-5,BO142,191,191,6,un:,un,uno,DET,_
191-6,BO142,191,191,7,determinato,determinato,determinato,ADJ,_
191-7,BO142,191,191,8,indizio,indizio,indizio,NOUN,_
191-8,BO142,191,191,9,in,in,in,ADP,_
191-9,BO142,191,191,10,termini,termini,termine,NOUN,_
191-10,BO142,191,191,11,di,di,di,ADP,_
191-11,BO142,191,191,12,memoria,memoria,memoria,NOUN,_
191-12,BO142,191,191,13,"eccetera,",eccetera,eccetera,ADV,Intonation=weakly_rising
192-0,BO142,192,192,1,e,e,e,CCONJ,_
192-1,BO142,192,192,2,gli,gli,il,DET,_
192-2,BO142,192,192,3,effetti,effetti,effetto,NOUN,_
192-3,BO142,192,192,4,"cognitivi,",cognitivi,cognitivo,ADJ,Intonation=weakly_rising
193-0,BO142,193,193,1,sono,sono,essere,AUX,_
193-1,BO142,193,193,2,tutte,tutte,tutto,ADJ,_
193-2,BO142,193,193,3,quelle,quelle,quello,PRON,_
193-3,BO142,193,193,4,"e::hm:,",ehm,ehm,INTJ,Intonation=weakly_rising
194-0,BO142,194,194,1,quei,quei,quello,ADJ,_
194-1,BO142,194,194,2,risulta:ti,risultati,risultato,NOUN,_
194-2,BO142,194,194,3,che,che,che,PRON,_
194-3,BO142,194,194,4,mi,mi,mi,PRON,_
194-4,BO142,194,194,5,"portano,",portano,portare,VERB,Intonation=weakly_rising
195-0,BO142,195,195,1,a,a,a,ADP,_
195-1,BO142,195,195,2,cambiare,cambiare,cambiare,VERB,_
195-2,BO142,195,195,3,la,la,il,DET,_
195-3,BO142,195,195,4,mia,mia,mio,ADJ,_
195-4,BO142,195,195,5,idea,idea,idea,NOUN,_
195-5,BO142,195,195,6-7,del,del,_,_,_
195-5a,_,_,195,6,_,di,di,ADP,_
195-5b,_,_,195,7,_,il,il,DET,_
195-6,BO142,195,195,8,mondo,mondo,mondo,NOUN,_
195-7,BO142,195,195,9,o,o,o,CCONJ,_
195-8,BO142,195,195,10,comunque,comunque,comunque,ADV,_
195-9,BO142,195,195,11,ad,ad,a,ADP,_
195-10,BO142,195,195,12-13,apportarle,apportarle,_,_,_
195-10a,_,_,195,12,_,apportar,apportare,VERB,_
195-10b,_,_,195,13,_,le,il,PRON,_
195-11,BO142,195,195,14,una,una,uno,DET,_
195-12,BO142,195,195,15,modifica,modifica,modifica,NOUN,_
195-13,BO142,195,195,16,di:,di,di,ADP,_
195-14,BO142,195,195,17,di,di,di,ADP,_
195-15,BO142,195,195,18,fondo.,fondo,fondo,NOUN,Intonation=falling
196-0,BO117,196,196,1,mhmhmh.,mhmhmh,mhmhmh,INTJ,Intonation=falling
197-0,BO142,197,197,1,"°ehm:°,",ehm,ehm,INTJ,Intonation=weakly_rising|Volume=low
198-0,BO117,198,198,1,e:,e,e,CCONJ,_
198-1,BO117,198,198,2,cosa,cosa,cosa,PRON,_
198-2,BO117,198,198,3,le,le,le,PRON,_
198-3,BO117,198,198,4,è,è,essere,AUX,_
198-4,BO117,198,198,5,interessato,interessato,interessare,VERB,_
198-5,BO117,198,198,6,di,di,di,ADP,_
198-6,BO117,198,198,7,più?,più,più,ADV,Intonation=rising
199-0,BO117,199,199,1-2,all',all',_,_,Truncated=Yes
199-0a,_,_,199,1,_,a,a,ADP,_
199-0b,_,_,199,2,_,l',il,DET,_
199-1,BO117,199,199,3,"interno::,",interno,interno,NOUN,Intonation=weakly_rising
200-0,BO117,200,200,1-2,delle,delle,_,_,_
200-0a,_,_,200,1,_,di,di,ADP,_
200-0b,_,_,200,2,_,le,il,DET,_
200-1,BO117,200,200,3,letture,letture,lettura,NOUN,_
200-2,BO117,200,200,4,che,che,che,PRON,_
200-3,BO117,200,200,5,ha,ha,avere,AUX,_
200-4,BO117,200,200,6,fatto.,fatto,fare,VERB,Intonation=falling
201-0,BO142,201,201,1,"e:::h,",eh,eh,INTJ,Intonation=weakly_rising
202-0,BO142,202,202,1,"allora,",allora,allora,ADV,Intonation=weakly_rising
203-0,BO142,203,203,1,mah,mah,mah,INTJ,_
203-1,BO142,203,203,2,io,io,io,PRON,_
203-2,BO142,203,203,3,ho,ho,avere,VERB,_
203-3,BO142,203,203,4,let~,let~,let~,X,Interrupted=Yes
203-4,BO142,203,203,5,m:h,mh,mh,INTJ,_
203-5,BO142,203,203,6,cioè,cioè,cioè,ADV,_
203-6,BO142,203,203,7,mi,mi,mi,PRON,_
203-7,BO142,203,203,8,ero,ero,essere,AUX,_
203-8,BO142,203,203,9,interessata,interessata,interessare,VERB,_
203-9,BO142,203,203,10,molto,molto,molto,ADV,_
203-10,BO142,203,203,11,a,a,a,ADP,_
203-11,BO142,203,203,12,molto,molto,molto,ADV,_
203-12,BO142,203,203,13,"la::,",la,il,DET,Intonation=weakly_rising
204-0,BO142,204,204,1,e:hm::,ehm,ehm,INTJ,_
204-1,BO142,204,204,2,la,la,il,DET,_
204-2,BO142,204,204,3,trattazione,trattazione,trattazione,NOUN,_
204-3,BO142,204,204,4-5,sulla,sulla,_,_,_
204-3a,_,_,204,4,_,su,su,ADP,_
204-3b,_,_,204,5,_,la,il,DET,_
204-4,BO142,204,204,6,cortesia,cortesia,cortesia,NOUN,_
204-5,BO142,204,204,7-8,sulle,sulle,_,_,_
204-5a,_,_,204,7,_,su,su,ADP,_
204-5b,_,_,204,8,_,le,il,DET,_
204-6,BO142,204,204,9,regole,regole,regola,NOUN,_
204-7,BO142,204,204,10,di,di,di,ADP,_
204-8,BO142,204,204,11,cortesia,cortesia,cortesia,NOUN,_
204-9,BO142,204,204,12,"eccetera,",eccetera,eccetera,ADV,Intonation=weakly_rising
205-0,BO142,205,205,1,soprattutto,soprattutto,soprattutto,ADV,_
205-1,BO142,205,205,2,quella,quella,quello,PRON,_
205-2,BO142,205,205,3,di:,di,di,ADP,_
205-3,BO142,205,205,4,e:hm,ehm,ehm,INTJ,_
205-4,BO142,205,205,5,{P},{P},_,_,_
205-5,BO142,205,205,6,brown,brown,Brown,PROPN,_
205-6,BO142,205,205,7,e,e,e,CCONJ,_
205-7,BO142,205,205,8,"levinson,",levinson,Levinson,PROPN,Intonation=weakly_rising
206-0,BO142,206,206,1,che,che,che,PRON,_
206-1,BO142,206,206,2,sviluppano,sviluppano,sviluppare,VERB,_
206-2,BO142,206,206,3,la,la,il,DET,_
206-3,BO142,206,206,4,teoria,teoria,teoria,NOUN,_
206-4,BO142,206,206,5,di,di,di,ADP,_
206-5,BO142,206,206,6,"goffman,",goffman,Goffman,PROPN,Intonation=weakly_rising
207-0,BO142,207,207,1,<che,che,che,PRON,_
207-1,BO142,207,207,2,si,si,si,PRON,_
207-2,BO142,207,207,3,fonda>,fonda,fondare,VERB,_
207-3,BO142,207,207,4,soprattutto,soprattutto,soprattutto,ADV,_
207-4,BO142,207,207,5-6,sulla,sulla,_,_,_
207-4a,_,_,207,5,_,su,su,ADP,_
207-4b,_,_,207,6,_,la,il,DET,_
207-5,BO142,207,207,7,nozione,nozione,nozione,NOUN,_
207-6,BO142,207,207,8,di,di,di,ADP,_
207-7,BO142,207,207,9,"faccia,",faccia,faccia,NOUN,Intonation=weakly_rising
208-0,BO142,208,208,1,ovvero,ovvero,ovvero,CCONJ,_
208-1,BO142,208,208,2,{P},{P},_,_,_
208-2,BO142,208,208,3,che,che,che,PRON,_
208-3,BO142,208,208,4,comunque,comunque,comunque,ADV,_
208-4,BO142,208,208,5,differisce,differisce,differire,VERB,_
208-5,BO142,208,208,6,da,da,da,ADP,_
208-6,BO142,208,208,7,quella,quella,quello,PRON,_
208-7,BO142,208,208,8,originaria,originaria,originario,ADJ,_
208-8,BO142,208,208,9,di,di,di,ADP,_
208-9,BO142,208,208,10,goffman, goffman,Goffman,PROPN,_
208-10,BO142,208,208,11,mi,mi,mi,PRON,_
208-11,BO142,208,208,12,ri~,ri~,ri~,X,Interrupted=Yes
208-12,BO142,208,208,13,"perché,",perché,perché,SCONJ,Intonation=weakly_rising
209-0,BO142,209,209,1,mentre,mentre,mentre,SCONJ,_
209-1,BO142,209,209,2,in,in,in,ADP,_
209-2,BO142,209,209,3,goffman,goffman,Goffman,PROPN,_
209-3,BO142,209,209,4,la,la,il,DET,_
209-4,BO142,209,209,5,faccia,faccia,faccia,NOUN,_
209-5,BO142,209,209,6,era,era,essere,AUX,_
209-6,BO142,209,209,7,l',l',il,DET,Truncated=Yes
209-7,BO142,209,209,8,immagine,immagine,immagine,NOUN,_
209-8,BO142,209,209,9,di,di,di,ADP,_
209-9,BO142,209,209,10,sè,sè,sè,PRON,_
209-10,BO142,209,209,11,stessi,stessi,stesso,ADJ,_
209-11,BO142,209,209,12,che,che,che,PRON,_
209-12,BO142,209,209,13,"ognuno,",ognuno,ognuno,PRON,Intonation=weakly_rising
210-0,BO142,210,210,1,e:h,eh,eh,INTJ,_
210-1,BO142,210,210,2,che,che,che,PRON,_
210-2,BO142,210,210,3,veniva,veniva,venire,AUX,_
210-3,BO142,210,210,4,attribuita,attribuita,attribuire,VERB,_
210-4,BO142,210,210,5,mh,mh,mh,INTJ,_
210-5,BO142,210,210,6,a:,a,a,ADP,_
210-6,BO142,210,210,7,un:,un,uno,DET,_
210-7,BO142,210,210,8,interlocutore,interlocutore,interlocutore,NOUN,_
210-8,BO142,210,210,9,durante,durante,durante,ADV,_
210-9,BO142,210,210,10,la,la,il,DET,_
210-10,BO142,210,210,11,"conversazione,",conversazione,conversazione,NOUN,Intonation=weakly_rising
211-0,BO142,211,211,1,quindi,quindi,quindi,ADV,_
211-1,BO142,211,211,2,durante,durante,durante,ADV,_
211-2,BO142,211,211,3-4,dei,dei,_,_,_
211-2a,_,_,211,3,_,di,di,ADP,_
211-2b,_,_,211,4,_,i,il,DET,_
211-3,BO142,211,211,5,processi,processi,processo,NOUN,_
211-4,BO142,211,211,6,"rituali,",rituali,rituale,ADJ,Intonation=weakly_rising
212-0,BO142,212,212,1,e::h,eh,eh,INTJ,_
212-1,BO142,212,212,2,e,e,e,CCONJ,_
212-2,BO142,212,212,3,quindi,quindi,quindi,ADV,_
212-3,BO142,212,212,4,era,era,essere,AUX,_
212-4,BO142,212,212,5,un,un,uno,DET,_
212-5,BO142,212,212,6,qualcosa,qualcosa,qualcosa,PRON,_
212-6,BO142,212,212,7,di:,di,di,ADP,_
212-7,BO142,212,212,8,eh,eh,eh,INTJ,_
212-8,BO142,212,212,9,modificabile,modificabile,modificabile,ADJ,_
212-9,BO142,212,212,10,"impersistente,",impersistente,impersistente,ADJ,Intonation=weakly_rising
213-0,BO117,213,213,0,{tossisce},{tossisce},_,-,_
214-0,BO142,214,214,1,che,che,che,SCONJ,_
214-1,BO142,214,214,2,{P},{P},_,_,_
214-2,BO142,214,214,3,cambiava,cambiava,cambiare,VERB,_
214-3,BO142,214,214,4,da,da,da,ADP,_
214-4,BO142,214,214,5,conversazione,conversazione,conversazione,NOUN,_
214-5,BO142,214,214,6,a,a,a,ADP,_
214-6,BO142,214,214,7,conversazione,conversazione,conversazione,NOUN,_
214-7,BO142,214,214,8,"diciamo,",diciamo,dire,VERB,Intonation=weakly_rising
215-0,BO142,215,215,1,invece,invece,invece,ADV,_
215-1,BO142,215,215,2,per:,per,per,ADP,_
215-2,BO142,215,215,3,brown,brown,Brown,PROPN,_
215-3,BO142,215,215,4,e,e,e,CCONJ,_
215-4,BO142,215,215,5,levinson:,levinson,Levinson,PROPN,_
215-5,BO142,215,215,6,la,la,il,DET,_
215-6,BO142,215,215,7,faccia,faccia,faccia,NOUN,_
215-7,BO142,215,215,8,era,era,essere,AUX,_
215-8,BO142,215,215,9,un,un,uno,DET,_
215-9,BO142,215,215,10,qualcosa,qualcosa,qualcosa,PRON,_
215-10,BO142,215,215,11,{P},{P},_,_,_
215-11,BO142,215,215,12,era,era,essere,AUX,_
215-12,BO142,215,215,13,la,la,il,DET,_
215-13,BO142,215,215,14,concezione,concezione,concezione,NOUN,_
215-14,BO142,215,215,15,di,di,di,ADP,_
215-15,BO142,215,215,16,"sé,",sé,sé,PRON,Intonation=weakly_rising
216-0,BO142,216,216,1,che,che,che,PRON,_
216-1,BO142,216,216,2,un,un,uno,DET,_
216-2,BO142,216,216,3,individuo,individuo,individuo,NOUN,_
216-3,BO142,216,216,4,avrebbe,avrebbe,avere,AUX,_
216-4,BO142,216,216,5,elaborato,elaborato,elaborare,VERB,_
216-5,BO142,216,216,6,già,già,già,ADV,ProsodicLink=Yes
216-6,BO142,216,216,7,p:rima,prima,prima,ADV,_
216-7,BO142,216,216,8,di,di,di,ADP,_
216-8,BO142,216,216,9-10,confrontarsi,confrontarsi,_,_,_
216-8a,_,_,216,9,_,confrontar,confrontare,VERB,_
216-8b,_,_,216,10,_,si,si,PRON,_
216-9,BO142,216,216,11,con,con,con,ADP,_
216-10,BO142,216,216,12,gli,gli,il,DET,_
216-11,BO142,216,216,13,altri,altri,altro,PRON,_
216-12,BO142,216,216,14,e,e,e,CCONJ,ProsodicLink=Yes
216-13,BO142,216,216,15,c:he,che,che,PRON,ProsodicLink=Yes
216-14,BO142,216,216,16,quindi,quindi,quindi,ADV,_
216-15,BO142,216,216,17,"voleva,",voleva,volere,AUX,Intonation=weakly_rising
217-0,BO142,217,217,1,e:h,eh,eh,INTJ,_
217-1,BO142,217,217,2,difendere,difendere,difendere,VERB,_
217-2,BO142,217,217,3,{P},{P},_,_,_
217-3,BO142,217,217,4,durante,durante,durante,ADP,_
217-4,BO142,217,217,5,la,la,il,DET,_
217-5,BO142,217,217,6,conversazione.,conversazione,conversazione,NOUN,Intonation=falling
218-0,BO142,218,218,1,la,la,la,PRON,_
218-1,BO142,218,218,2,ponevano,ponevano,porre,VERB,_
218-2,BO142,218,218,3,quindi,quindi,quindi,ADV,_
218-3,BO142,218,218,4,più,più,più,ADV,_
218-4,BO142,218,218,5,da,da,da,ADP,_
218-5,BO142,218,218,6,un,un,uno,DET,_
218-6,BO142,218,218,7,punto,punto,punto,NOUN,_
218-7,BO142,218,218,8,di,di,di,ADP,_
218-8,BO142,218,218,9,vista,vista,vista,NOUN,_
218-9,BO142,218,218,10,{P},{P},_,_,_
218-10,BO142,218,218,11,"e:::h,",eh,eh,INTJ,Intonation=weakly_rising
219-0,BO142,219,219,1,difensivo,difensivo,difensivo,ADJ,_
219-1,BO142,219,219,2,diciamo,diciamo,dire,VERB,_
219-2,BO142,219,219,3,la,la,il,DET,_
219-3,BO142,219,219,4,conversazione,conversazione,conversazione,NOUN,_
219-4,BO142,219,219,5,ovvero,ovvero,ovvero,CCONJ,_
219-5,BO142,219,219,6,{P},{P},_,_,_
219-6,BO142,219,219,7,"e:::h,",eh,eh,INTJ,Intonation=weakly_rising
220-0,BO142,220,220,1,tutti,tutti,tutto,ADJ,_
220-1,BO142,220,220,2,quei,quei,quello,DET,_
220-2,BO142,220,220,3,modi,modi,modo,NOUN,_
220-3,BO142,220,220,4,in,in,in,ADP,_
220-4,BO142,220,220,5,cu:i,cui,cui,PRON,_
220-5,BO142,220,220,6,u~,un,uno,DET,Interrupted=Yes
220-6,BO142,220,220,7,un,un,uno,DET,_
220-7,BO142,220,220,8,individuo,individuo,individuo,NOUN,_
220-8,BO142,220,220,9,poteva,poteva,potere,AUX,_
220-9,BO142,220,220,10-11,porsi,porsi,_,_,_
220-9a,_,_,220,10,_,por,porre,VERB,_
220-9b,_,_,220,11,_,si,si,PRON,_
220-10,BO142,220,220,12,per,per,per,ADP,_
220-11,BO142,220,220,13,far,far,fare,VERB,_
220-12,BO142,220,220,14,sì,sì,sì,ADV,_
220-13,BO142,220,220,15,che,che,che,SCONJ,_
220-14,BO142,220,220,16,la,la,il,DET,_
220-15,BO142,220,220,17,sua,sua,suo,DET,_
220-16,BO142,220,220,18,faccia,faccia,faccia,NOUN,_
220-17,BO142,220,220,19,ovvero,ovvero,ovvero,CCONJ,_
220-18,BO142,220,220,20,l',l',il,DET,Truncated=Yes
220-19,BO142,220,220,21,"immagine,",immagine,immagine,NOUN,Intonation=weakly_rising
221-0,BO142,221,221,1,la,la,il,DET,_
221-1,BO142,221,221,2,reputazione,reputazione,reputazione,NOUN,_
221-2,BO142,221,221,3,di,di,di,ADP,_
221-3,BO142,221,221,4,sè,sè,sé,PRON,_
221-4,BO142,221,221,5,stesso,stesso,stesso,ADJ,_
221-5,BO142,221,221,6,non,non,non,ADV,_
221-6,BO142,221,221,7,potesse,potesse,potere,AUX,_
221-7,BO142,221,221,8,essere,essere,essere,AUX,_
221-8,BO142,221,221,9,intaccata.,intaccata,intaccare,VERB,Intonation=falling
222-0,BO142,222,222,1,e,e,e,CCONJ,_
222-1,BO142,222,222,2,da,da,da,ADP,_
222-2,BO142,222,222,3,questo,questo,questo,DET,_
222-3,BO142,222,222,4,punto,punto,punto,NOUN,_
222-4,BO142,222,222,5,di,di,di,ADP,_
222-5,BO142,222,222,6,vista:,vista,vista,NOUN,_
222-6,BO142,222,222,7,sviluppano:,sviluppano,sviluppare,VERB,_
222-7,BO142,222,222,8,due,due,due,NUM,_
222-8,BO142,222,222,9,tipi,tipi,tipo,NOUN,_
222-9,BO142,222,222,10,di,di,di,ADP,_
222-10,BO142,222,222,11,faccia,faccia,faccia,NOUN,_
222-11,BO142,222,222,12,che,che,che,PRON,_
222-12,BO142,222,222,13,sono,sono,essere,AUX,_
222-13,BO142,222,222,14,la,la,il,DET,_
222-14,BO142,222,222,15,faccia,faccia,faccia,NOUN,_
222-15,BO142,222,222,16,"positiva,",positiva,positivo,ADJ,Intonation=weakly_rising
223-0,BO142,223,223,1,e,e,e,CCONJ,_
223-1,BO142,223,223,2,la,la,il,DET,_
223-2,BO142,223,223,3,faccia,faccia,faccia,NOUN,_
223-3,BO142,223,223,4,"negativa,",negativa,negativo,ADJ,Intonation=weakly_rising
224-0,BO142,224,224,1,dove,dove,dove,ADV,_
224-1,BO142,224,224,2,la,la,il,DET,_
224-2,BO142,224,224,3,faccia,faccia,faccia,NOUN,_
224-3,BO142,224,224,4,positiva,positiva,positivo,ADJ,_
224-4,BO142,224,224,5,si,si,si,PRON,_
224-5,BO142,224,224,6,rifà,rifà,rifare,VERB,_
224-6,BO142,224,224,7-8,all',all',_,_,Truncated=Yes
224-6a,_,_,224,7,_,a,a,ADP,_
224-6b,_,_,224,8,_,l',il,DET,_
224-7,BO142,224,224,9,interesse,interesse,interesse,NOUN,_
224-8,BO142,224,224,10,d~,d~,d~,-,Interrupted=Yes
224-9,BO142,224,224,11,di,di,di,ADP,_
224-10,BO142,224,224,12,una:,una,uno,DET,_
224-11,BO142,224,224,13,"individuo,",individuo,individuo,NOUN,Intonation=weakly_rising
225-0,BO142,225,225,1,di,di,di,ADP,_
225-1,BO142,225,225,2,essere,essere,essere,AUX,_
225-2,BO142,225,225,3,apprezzato,apprezzato,apprezzare,VERB,_
225-3,BO142,225,225,4,acclamato,acclamato,acclamare,VERB,_
225-4,BO142,225,225,5,e:,e,e,CCONJ,_
225-5,BO142,225,225,6,"stimato,",stimato,stimare,VERB,Intonation=weakly_rising
226-0,BO142,226,226,1,mentre,mentre,mentre,SCONJ,_
226-1,BO142,226,226,2,invece,invece,invece,ADV,_
226-2,BO142,226,226,3,la,la,il,DET,_
226-3,BO142,226,226,4,faccia,faccia,faccia,NOUN,_
226-4,BO142,226,226,5,negativa,negativa,negativo,ADJ,_
226-5,BO142,226,226,6,è,è,essere,AUX,_
226-6,BO142,226,226,7,l',l',il,DET,Truncated=Yes
226-7,BO142,226,226,8,interesse,interesse,interesse,NOUN,_
226-8,BO142,226,226,9,che,che,che,PRON,_
226-9,BO142,226,226,10,il,il,il,DET,_
226-10,BO142,226,226,11,proprio,proprio,proprio,DET,_
226-11,BO142,226,226,12,territorio,territorio,territorio,NOUN,_
226-12,BO142,226,226,13,non,non,non,ADV,_
226-13,BO142,226,226,14,venga,venga,venire,AUX,_
226-14,BO142,226,226,15,minacciato,minacciato,minacciare,VERB,_
227-0,BO142,227,227,1,e,e,e,CCONJ,_
227-1,BO142,227,227,2,quindi,quindi,quindi,ADV,_
227-2,BO142,227,227,3,che,che,che,SCONJ,_
227-3,BO142,227,227,4,venga,venga,venire,AUX,_
227-4,BO142,227,227,5,"preservata,",preservata,preservare,VERB,Intonation=weakly_rising
228-0,BO142,228,228,1,una,una,uno,DET,_
228-1,BO142,228,228,2,libertà,libertà,libertà,NOUN,_
228-2,BO142,228,228,3,di,di,di,ADP,_
228-3,BO142,228,228,4,azione,azione,azione,NOUN,_
228-4,BO142,228,228,5,e,e,e,CCONJ,_
228-5,BO142,228,228,6,di,di,di,ADP,_
228-6,BO142,228,228,7,"e::h,",eh,eh,INTJ,Intonation=weakly_rising
229-0,BO142,229,229,1,"di::,",di,di,ADP,Intonation=weakly_rising
230-0,BO142,230,230,1,"cioè,",cioè,cioè,ADV,Intonation=weakly_rising
231-0,BO142,231,231,1,una,una,uno,DET,_
231-1,BO142,231,231,2,libertà,libertà,libertà,NOUN,_
231-2,BO142,231,231,3,di::,di,di,ADP,_
231-3,BO142,231,231,4,movimento,movimento,movimento,NOUN,_
231-4,BO142,231,231,5,di,di,di,ADP,_
231-5,BO142,231,231,6,azione::,azione,azione,NOUN,_
231-6,BO142,231,231,7,insomma,insomma,insomma,ADV,_
231-7,BO142,231,231,8,{P},{P},_,_,_
231-8,BO142,231,231,9,globale,globale,globale,ADJ,_
231-9,BO142,231,231,10,°ecco°.,ecco,ecco,ADV,Intonation=falling|Volume=low
232-0,BO117,232,232,1,va,va,andare,VERB,_
232-1,BO117,232,232,2,bene.,bene,bene,ADV,Intonation=falling